He can currently be seen in “Parasite”, the winning film of Cannes.	Zur Ziit isch er in "Parasite", en Siegerfilm vo Cannes, zgseh.
The Boeing of Type 737-800 NG has only been used for the company since 2016.	dBoeing vom Typ 737-800 NG seg erscht sit 2016 fürs Unternehme im Iisatz.
Now the nurse has been unable to work for months.	Etz isch dPflegefachfrau sit Monate arbetsunfähig.
It was reliably on his hot chair in April.	De isch au im April wieder zueverlässig uf sim heisse Stuehl ghockt.
"The parliamentarians will definitely refer to the German suggestions," believes SRF climate expert Klaus Ammann.	"dParlamentarier werded sich bestimmt au uf di dütsche Vorschläg bezieh" glaubt de SRF-Klimaexperte Klaus Ammann.
It will soon be dismantled, restored and rebuilt in the same place.	Es sött demnächscht abbaut werde, restauriert und a de gliche Stell wieder ufbaut werde.
The "stupid, vulgar comedy" is shameful for everyone involved.	Di "dumm, vulgär Komödie" seg beschämend für alli Beteiligti.
He produces one -piece and composite springs.	Er stellt eiteilig und zämmegsetzti Federe her.
They arise slowly and cause less pain and symptoms than a grain of barley.	Sie entstönd langsam und verursached weniger Schmerze und Beschwerde als es Gerstechorn.
It is also selectable for many bourgeois.	Demit isch si au für vili Bürgerlichi wählbar
Politologist Sarah Bütikofer: «You cannot expect to change the tone or politics in general.	dPolitologin Sarah Bütikofer: "Me cha nöd erwarte, dass sich de Umgangston oder dPolitik im Allgemeine fundamental veränderet."
She builds a nest, lays eggs and feeds her boys with pollen.	Si baut es Nest, leit Eier und füettered ihri Junge mit Polle.
The reason: Moore was drained and drained in order to win pasture as a peat as fuel.	De Grund: Moor sind entwässered und trochegleit worde, um Weideland aber au Torf als Brennstoff zgwünne.
Many vaccination -skeptical parents find out more about the Internet.	Vill impfskeptischi Eltere informiered sich über sInternet.
Today they are closer to the town hall and serve the official flag.	Si stönd hüt nöcher zum Rothuus und diened de offizielle Beflaggig.
This evidence also contains some analytical weaknesses that could only be removed later.	Au de Bewiis enthalted einigi analytischi Schwächine, wo erscht spöter hend chöne besiitigt werde.
A one -piece suit with sleeves is common when swimming.	Bim Schwümme üblich isch en einteilige Aazug mit Ärmel.
The players did not bother the players after the game.	De Spieler het de Reisestress nochem Spiel nüt usgmacht.
The fact that England is fighting for the title at this World Cup is more than deserved for him.	Das England a dere WM um de Titel kämpft, isch für ihn aber meh als vodient.
In absolute numbers, the level ranges geochronologically from about million to about million years.	dStufe reicht i absolute Zahle geochronologisch vo öpe Millione bis öpe Millione Johr.
Sometimes sunny on Sunday and Monday.	Am Sunntig und am Mäntig amigs sunnig.
Because they understand that this would weaken the position of the Brazilian economy worldwide.	Will sie vostönd, dass das dPosition vo de brasilianische Wirtschaft weltwiit schwäche wür.
Storing cash on a large scale, but is also not cheap.	Bargeld im grosse Stil zlagere, seg allerdings au nöd ganz günstig.
According to estimates in the industry, the investment costs are between CHF 1 and CHF 3 billion.	dInvestitionschöschte beträged noch Schätzige vo de Branche zwüsched 1 und 3 Milliarde Franke.
However, this is only a good thing if you can give your own data out of your hand without any problems.	Da goht aber nur guet, wenn me di eigete Date ohni Problem us de Hand cha geh.
It leaves residues in the drinking water.	Es hinterloht Rückständ im Trinkwasser.
Depending on the canton, services are carried by the seniors who cover the health insurance companies in another canton.	Je noch Kanton werded dLeistige vo de Seniore selber treit, wo imne andere Kanton dKrankekasse decket.
Sormir in the Oberhalbstein is the only large region that Rumantsch Grischun still teaches at school.	Surmeir im Oberhalbstei isch die einzig gross Region, wo Rumantsch Grischon no i de Schuel unterrichtet.
He can currently be seen in “Parasite”, the winning film of Cannes.	Und das wer ebe e Zeiche, dass dWindgschwindigkeit i de Alpe nomol wür zuenäh.
The Boeing of Type 737-800 NG has only been used for the company since 2016.	E Jagderlaubnis i dene Zone wür dChance vom bereits im Ruum stehende Referendum erhöche.
Now the nurse has been unable to work for months.	Beliebt sind au monothematischi Messe wie dGiardina und dSwissbau.
It was reliably on his hot chair in April.	Do stönd Chopfsalot, Eichblattsalot und Zuckerhuet nebed Carmelle-Tomate, Zitronebasilikum und Bluememischige.
"The parliamentarians will definitely refer to the German suggestions," believes SRF climate expert Klaus Ammann.	Will bi de Standortwahl isch für Unternehme nöd nur de Stürsatz entscheidend.
It will soon be dismantled, restored and rebuilt in the same place.	De Bundesrot wöt sProgramm etz uf jungi Zuewanderer usserhalb vom Asylbereich uuswiite.
The "stupid, vulgar comedy" is shameful for everyone involved.	Di entsprechende abgschnittene Szene werded i dere Fassig als Extras aagführt.
He produces one -piece and composite springs.	De chan aber im Rahme vomne Missverständnis vom Betrachter trotzdem dargstellt beziehigswiis aadüted werde.
They arise slowly and cause less pain and symptoms than a grain of barley.	I düt ihre mis Interesse offesichtlich aah.
It is also selectable for many bourgeois.	Ziel vo de Netiquette isch e möglichscht für alli Teilnehmer agnehmi Art vo de Kommunikation.
Politologist Sarah Bütikofer: «You cannot expect to change the tone or politics in general.	No sin Vater het de Ralph Voltz zum Zeichne animiert.
She builds a nest, lays eggs and feeds her boys with pollen.	Er het in ellei durquert und sini Soldate nochenand bim Name aagruefe.
The reason: Moore was drained and drained in order to win pasture as a peat as fuel.	Tag und Nacht hemmer dMengi aagschraue.
Many vaccination -skeptical parents find out more about the Internet.	Do liit si ufem Sofa und starrt mi mit grosse Auge a.
Today they are closer to the town hall and serve the official flag.	I de Vogangeheit het au sLow-Bandwidth-X-Projekt vom Keith Packard i dem Bereich gschaffed.
This evidence also contains some analytical weaknesses that could only be removed later.	sNerversystem schafft nöd mit "Repräsentatione" vonere unabhängige Ussewelt.
A one -piece suit with sleeves is common when swimming.	Während em erste Weltchrieg häsch du für di britisch Admiralität gschaffed.
The players did not bother the players after the game.	Scho vo wiitem hani chöne erchenne, dass er sini Fläsche wird uusschütte.
The fact that England is fighting for the title at this World Cup is more than deserved for him.	I ha mi also vorem Arzt uszoge.
In absolute numbers, the level ranges geochronologically from about million to about million years.	Zieh dJagge besser us susch ersticksch jo no.
Sometimes sunny on Sunday and Monday.	Di korrupte Priester hend aber abglehnt, will en andere persische Abgsandte sie bestoche het.
Because they understand that this would weaken the position of the Brazilian economy worldwide.	de Kreon beharrt ufem Verbot und verdächtigt dass dTeiresias bestoche worde isch.
Storing cash on a large scale, but is also not cheap.	I de Schuel het er nöd mit herusragende Leistige überzügt.
According to estimates in the industry, the investment costs are between CHF 1 and CHF 3 billion.	dEnkelin vom Duce het da mit Argwohn agluegt.
However, this is only a good thing if you can give your own data out of your hand without any problems.	Mit de Elektrifizierig vom Huushalt isch au sBügeliise elektrisch beheizt worde.
It leaves residues in the drinking water.	Er lost am Lehrer im Unterricht nie zue.
Depending on the canton, services are carried by the seniors who cover the health insurance companies in another canton.	Weg sim Unfall ghört er nüt meh.
Sormir in the Oberhalbstein is the only large region that Rumantsch Grischun still teaches at school.	Nochdem sie em Dutch sPortemonnaie klaut het, het si si binre Tankstell zruggloh.
He can currently be seen in “Parasite”, the winning film of Cannes.	dPenny findet das seg en glungene Witz und lacht dBarris us.
The Boeing of Type 737-800 NG has only been used for the company since 2016.	Denn lacht er sie us und springt los.
Now the nurse has been unable to work for months.	dRaupe ernähred sich hauptsächlich vo de Blätter vom Habichtchruut und em Löwezah.
It was reliably on his hot chair in April.	Döt parksch du und überquersch dStross.
"The parliamentarians will definitely refer to the German suggestions," believes SRF climate expert Klaus Ammann.	Geg Endi vom Tag hett de Edi e hellgeli Blueme am Wegrand gfunde und für sie pflückt.
It will soon be dismantled, restored and rebuilt in the same place.	Also I han pfuscht.
The "stupid, vulgar comedy" is shameful for everyone involved.	I halts nöd für uusgschlosse, dass Sie oder eine vo ihre Lüüt pfuscht und sUnglück vo de Amerikaner ufem Sankt.
He produces one -piece and composite springs.	sAuto rast dur dNacht.
They arise slowly and cause less pain and symptoms than a grain of barley.	Da mit de Reife isch e chindische Racheaktion.
It is also selectable for many bourgeois.	Sini Reife sind duredreiht, er isch uf dSiite grutscht.
Politologist Sarah Bütikofer: «You cannot expect to change the tone or politics in general.	Wer au immer de Pulli gstrickt het, entweder isch si halb blind gsi oder het mit eim Aug uf de Fernseh gschiled.
She builds a nest, lays eggs and feeds her boys with pollen.	Aber de Hosmer isch i Geldsache unabhängig gsi und het nie au nur uf ein Schilling vo mir gschiled.
The reason: Moore was drained and drained in order to win pasture as a peat as fuel.	Aber sind sie liislig, di chlii schlooft.
Many vaccination -skeptical parents find out more about the Internet.	I ha damals no sehr schnell gschaffed.
Today they are closer to the town hall and serve the official flag.	Si hend doch nöd öpe mitem alte Bert gschwätzt, oder?
This evidence also contains some analytical weaknesses that could only be removed later.	I lueg mer das ah.
A one -piece suit with sleeves is common when swimming.	Er luegt si erstunt ah.
The players did not bother the players after the game.	Zum Tüüfel, hani vobittered denkt, denn betrinki mi halt.
The fact that England is fighting for the title at this World Cup is more than deserved for him.	Vor allem du luegsch biz ume.
In absolute numbers, the level ranges geochronologically from about million to about million years.	Ihr hend nöd chöne glaube dass er gwünnt.
Sometimes sunny on Sunday and Monday.	Wiso spart er denn mit de Marita so vill Geld?
Because they understand that this would weaken the position of the Brazilian economy worldwide.	Si hend sich nie gstritte.
Storing cash on a large scale, but is also not cheap.	Aber si het mit ihm tanzt.
According to estimates in the industry, the investment costs are between CHF 1 and CHF 3 billion.	Er het üs alli tüüscht.
However, this is only a good thing if you can give your own data out of your hand without any problems.	Hend öpis trunke, um üs zentspanne.
It leaves residues in the drinking water.	Denn hend Grücht also nöd übertribe, Mami.
Depending on the canton, services are carried by the seniors who cover the health insurance companies in another canton.	sjüngschte Ereignis belaschted ihn unnötig.
Sormir in the Oberhalbstein is the only large region that Rumantsch Grischun still teaches at school.	de Jack nickt unterdesse de Dale zue.
He can currently be seen in “Parasite”, the winning film of Cannes.	DSunne bliibt üs erhalte, und zwor bis Mitti Nomi.
The Boeing of Type 737-800 NG has only been used for the company since 2016.	Aber Richtig Norde und Weste do hemmer doch scho viel Regewolke.
Now the nurse has been unable to work for months.	dHöchschtwert, die liged do grad mol so bi rund zwanzg Grad.
It was reliably on his hot chair in April.	Hingegege de Berge noh gits hüüfiger Schnee.
"The parliamentarians will definitely refer to the German suggestions," believes SRF climate expert Klaus Ammann.	De Hochnebel löst sich denn aber im Lauf vom Tag bald mol uf.
It will soon be dismantled, restored and rebuilt in the same place.	Im Norde bliibts winterlich mit minus zwei bis drü Grad als Maximum, wärmer wirds im Tessin mit rund acht Grad.
The "stupid, vulgar comedy" is shameful for everyone involved.	Am Donnschtig staut sich denn dFüechtigkeit und de Schnee no ad Voralpe aa.
He produces one -piece and composite springs.	Au bi üs wirds sogar wieder milder.
They arise slowly and cause less pain and symptoms than a grain of barley.	In Neuchatel gheit Hagel vo bis zu füf Milimeter.
It is also selectable for many bourgeois.	Allerdings ischs in Bern zersch no zum Teil bewölkt.
Politologist Sarah Bütikofer: «You cannot expect to change the tone or politics in general.	I de Alpe und im Süde isches meistens sunnig.
She builds a nest, lays eggs and feeds her boys with pollen.	Am spote Obig gege sechsi isch mit stürmischem Rege zrechne.
The reason: Moore was drained and drained in order to win pasture as a peat as fuel.	Agnehmi Temperature sind abem Zischtig zerwarte.
Many vaccination -skeptical parents find out more about the Internet.	dLuft isch für die Johresziit sehr mild.
Today they are closer to the town hall and serve the official flag.	Im Flachland Hochnebel, wobi de chunt immer tüüfer abe.
This evidence also contains some analytical weaknesses that could only be removed later.	Arktischi Temperature schined de November und Dezember zbeherrsche.
A one -piece suit with sleeves is common when swimming.	Namentlich e biz i de Voralpetäler und spöter au ide Nordwestschwiiz.
The players did not bother the players after the game.	Wa seit dSexualpädagogik zu de "Generation Porno"?
The fact that England is fighting for the title at this World Cup is more than deserved for him.	In Äthiopie würme sich bi Augekontakt grüesse, au wenn me sich nöd wür kenne.
In absolute numbers, the level ranges geochronologically from about million to about million years.	Sie spillt demit offesichtlich uf ihren früehnere Bruef als Konzertpianistin ah.
Sometimes sunny on Sunday and Monday.	dSporthalle, sSchwümmbad und dRundbahn sind geziehlt in Jurahügel ibetted worde.
Because they understand that this would weaken the position of the Brazilian economy worldwide.	Tatsächlich heged Lo und Leduc kein grosse Effort unternoh, ihre Song is dütsche Radio zbringe.
Storing cash on a large scale, but is also not cheap.	Han ebe schnell wölle en Cappuccino trinke und gad wiiter goh.
According to estimates in the industry, the investment costs are between CHF 1 and CHF 3 billion.	Meischtens in Italie, aber au Russland oder Dubai.
However, this is only a good thing if you can give your own data out of your hand without any problems.	Tusigi Nigerianerinne landed jedes Johr i de Prostitution im Usland.
It leaves residues in the drinking water.	De Druck uf dRegierig vo China seg höch, seit de Wu.
Depending on the canton, services are carried by the seniors who cover the health insurance companies in another canton.	Es isch dAngscht vorme Domino-Effekt, wo de Balkan wieder i Gwalt chönt vosinke loh.
Sormir in the Oberhalbstein is the only large region that Rumantsch Grischun still teaches at school.	Au de Vofassigsschutz warnt vor de unbrochene höche Mobilisierigschraft.
He can currently be seen in “Parasite”, the winning film of Cannes.	sAbkomme seg für Italie allerdings chum vo Vorteil, isch de Chinaforscher Thomas Eder überzügt.
The Boeing of Type 737-800 NG has only been used for the company since 2016.	sSchriibe lit de Nochrichteagenture Reuters und AFP vor.
Now the nurse has been unable to work for months.	Vili Sudanesinne und Sudanese wend offebar trotz Absetzig vom Langziitherscher al-Baschir nöd vo de Stross wiiche.
It was reliably on his hot chair in April.	Noch Abstecher zum EDA und zu Amnesty International isch er zum SRF cho.
"The parliamentarians will definitely refer to the German suggestions," believes SRF climate expert Klaus Ammann.	Si isch nöd sVorbild vo de 193 Mitglieder vo de Regierige, sondern ihre Spiegel.
It will soon be dismantled, restored and rebuilt in the same place.	Will de Status de isch, dass de Ball bi de Schwiizer Fründe liit.
The "stupid, vulgar comedy" is shameful for everyone involved.	Debii gohts allerdings nöd nur um qualifizierts Personal.
He produces one -piece and composite springs.	De Herve Rayner isch Professor für Politikwüsseschafte a de Uni Lausanne.
They arise slowly and cause less pain and symptoms than a grain of barley.	Da sind Unterschied.
It is also selectable for many bourgeois.	Und will sich de Grenzkanton inere regionale Veriibarig zu de Ziel bekannt hegi, müesi er etz handle.
Politologist Sarah Bütikofer: «You cannot expect to change the tone or politics in general.	Es brüchti drum zersch e Vomittlig vo Dritte.
She builds a nest, lays eggs and feeds her boys with pollen.	Aber dErwartig isch, dass di digital Telefonie di glich Glaubwürdigkeit und vor allem Stabilität het wie di analog Telefonie.
The reason: Moore was drained and drained in order to win pasture as a peat as fuel.	Zuegleit heg dSP gmäss dere Hochrechnig allerdings nöd.
Many vaccination -skeptical parents find out more about the Internet.	Will scho i ihrere Chindheit het de Rothoorig nöd Blödsinn tribe.
Today they are closer to the town hall and serve the official flag.	De Ofe wird im Johr mehrmols zum Bache vo Brot oder Gebäck gnutzt.
This evidence also contains some analytical weaknesses that could only be removed later.	Im Früehlig isch de Waldbode grossflächig mit Buschwindrösli bedeckt.
A one -piece suit with sleeves is common when swimming.	Wenn er sich mythologische Theme animmt, denn meischtens de Heldetate vom Herakles oder vom Theseus.
The players did not bother the players after the game.	Nochere halbe Stunde isch dFürsprütze defekt.
The fact that England is fighting for the title at this World Cup is more than deserved for him.	Im aaschluss a da demoliered Mitschüeler sis Velo.
In absolute numbers, the level ranges geochronologically from about million to about million years.	Während sim Studium isch er Mitglied gsi bim "Verein vo Dütsche Studente Marburt"
Sometimes sunny on Sunday and Monday.	Die diesjöhrig Retrospektive isch em "Spaghetti Western" gwidmet.
Because they understand that this would weaken the position of the Brazilian economy worldwide.	Wiiter liet Singapur innerhalb vom Mittelmeer.
Storing cash on a large scale, but is also not cheap.	Vorarlberg und Tirol gend für de Donnschtig und Friitig Sturmwarnige use.
According to estimates in the industry, the investment costs are between CHF 1 and CHF 3 billion.	I Binsdorf gits en Dorflade zur Grundversorgig sowie diversi Gaststätt.
However, this is only a good thing if you can give your own data out of your hand without any problems.	De Reeves isch de gsi, wo de Phoenix überzügt het, de Film zdreie.
It leaves residues in the drinking water.	dFigur gilt als Symbol für grenzelosi Dummheit.
Depending on the canton, services are carried by the seniors who cover the health insurance companies in another canton.	Nebed de hüt übliche Bezeichnig als "Eichelhäher" sind zahlrichi anderi Trivialname beleit.
Sormir in the Oberhalbstein is the only large region that Rumantsch Grischun still teaches at school.	Für de Bahnbetrieb sind eigeni Wasserchraftwerch errichtet worde.
He can currently be seen in “Parasite”, the winning film of Cannes.	die Aornig mit zwei überenand liegende Glenkwelle het en eigenartigi Konstruktion vom Drehgstell bedingt.
The Boeing of Type 737-800 NG has only been used for the company since 2016.	Wo dSituation unerträglich wird, plant e Handvoll Männer de Uusbruch.
Now the nurse has been unable to work for months.	De Kapitän isch über da erbost und fordered de Conrad zumne entscheidende Chartespiel uf.
It was reliably on his hot chair in April.	Hüt werded vor allem Erdbeeri aabaut.
"The parliamentarians will definitely refer to the German suggestions," believes SRF climate expert Klaus Ammann.	Am Gschüschter-Scholl-Gymnasium isch en Leitfade für Eltere, Lehrchräft und Schüeler und Schüelerinne erarbeitet worde.
It will soon be dismantled, restored and rebuilt in the same place.	Si loht sAuto inen Fluss stürze und explodiere.
The "stupid, vulgar comedy" is shameful for everyone involved.	De Film wird weg de extrem gnaue Darstellig starch kritisiert.
He produces one -piece and composite springs.	dTüüfi vo de Fensterbank cha vo Gebäude zu Gebäude variiere.
They arise slowly and cause less pain and symptoms than a grain of barley.	dLeitig erchlärt, trotzdem wiiterhin a ihm als Sportchef festhebe zwöle.
It is also selectable for many bourgeois.	Nochdem sich stählerni Gschützrohr bewährt hend, werded au dLafette us Stahl hergstellt.
Politologist Sarah Bütikofer: «You cannot expect to change the tone or politics in general.	Da Freibad isch di einzig zueglasseni Badestell im Obersee.
She builds a nest, lays eggs and feeds her boys with pollen.	Bereits am Fritignomi sind di erschte Teilnehmer im Fahrerlager aacho.
The reason: Moore was drained and drained in order to win pasture as a peat as fuel.	Spöter het er au dCao Cao behandlet, wo a furchtbare Chopfschmerze glitte het.
Many vaccination -skeptical parents find out more about the Internet.	Beidi Eltere füettered.
Today they are closer to the town hall and serve the official flag.	Si isch debi mit einige andere Lüüt im Gedränge is Wasser gstürzt und isch votrunke.
This evidence also contains some analytical weaknesses that could only be removed later.	Wo bekannt worde isch, wer isch isch, ischer ines Gfängnis in Utrecht cho.
A one -piece suit with sleeves is common when swimming.	De Esau het schnell glernt zghorche.
The players did not bother the players after the game.	dBürger stönd etz vor de Frog, wem vo beidne si ghorche sötted.
The fact that England is fighting for the title at this World Cup is more than deserved for him.	Di finanzielle Mittel und de Uftrag leit sParlament fescht.
In absolute numbers, the level ranges geochronologically from about million to about million years.	Bim Milliardeprojekt zeichnet sich e klars Nei ab.
Sometimes sunny on Sunday and Monday.	Bildet die beide Chammere dSchwiizer Bevölkerig gnüegend ab?
Because they understand that this would weaken the position of the Brazilian economy worldwide.	Da chame so usdrucke.
Storing cash on a large scale, but is also not cheap.	"Jetzt simmer gfrogt", "Jetzt simmer gfrogt", het dParteipräsidentin de Delegierte in Erinnerig gruefe.
According to estimates in the industry, the investment costs are between CHF 1 and CHF 3 billion.	Gebore isch de Bund in Künstler- und Theaterkreise in Prag i de Mitti vom 19. Johrhundert.
However, this is only a good thing if you can give your own data out of your hand without any problems.	Debii handlets sich um sehr wirksami Antikörper, wo besser als herkömmlichi Medikament würked.
It leaves residues in the drinking water.	De heer würd vomehrt au wieder Theme wie AHV und Krankekasseprämie uf di politisch Agenda setze.
Depending on the canton, services are carried by the seniors who cover the health insurance companies in another canton.	Aber chum öper het ernsthaft glaubt, dass sie en derart drastische Schritt mache würed.
Sormir in the Oberhalbstein is the only large region that Rumantsch Grischun still teaches at school.	Sie isch as Bett vo de Grossmuetter gange und het gseit: "Grossmueter, wa hesch du für grossi Ohre!"
He can currently be seen in “Parasite”, the winning film of Cannes.	"Grossmuetter, wa hesch du für grossi Händ!"
The Boeing of Type 737-800 NG has only been used for the company since 2016.	"Dass i di besser packe cha!"
Now the nurse has been unable to work for months.	"Dass i di besser fresse cha!" het de Wolf gseit und het au sRotchäppli gesse.
It was reliably on his hot chair in April.	"Jetzt hani di, du alte Sünder!
"The parliamentarians will definitely refer to the German suggestions," believes SRF climate expert Klaus Ammann.	Aber dDiebe gönd nöd nur in Rüeggisberg ume, sondern i de ganze Region.
It will soon be dismantled, restored and rebuilt in the same place.	Dkantön als Hauptbetroffeni sind mit dem aber gar nöd iiverschtande und drohed sogar mit em Referendum.
The "stupid, vulgar comedy" is shameful for everyone involved.	Es git Johrgäng, wo nöd jedes Johr treffed, will niemert dInitiative ergrift.
He produces one -piece and composite springs.	Nidwalde wiist sit 2011 di tüfscht Unternehmenstürbelaschtig vo allne Kantön uf.
They arise slowly and cause less pain and symptoms than a grain of barley.	Die wird au im Lade vochauft, aber mitme entsprechende Hiiwis, will Rohmilch cha chrankheitserregendi Keim enthalte.
It is also selectable for many bourgeois.	Wildi und unregelmässig pflanzti Strüch büüted vilne Tier Schutz und Lebensruum.
Politologist Sarah Bütikofer: «You cannot expect to change the tone or politics in general.	Stangebohne hend e langi Tradition i de Schwiiz, will sie bringed uf relativ wenig Flächi vil Ertrag.
She builds a nest, lays eggs and feeds her boys with pollen.	Früehner hets no zwei Alpebetrieb meh geh, aber en Älpler het sis Huus mittlerwiile vochauft.
The reason: Moore was drained and drained in order to win pasture as a peat as fuel.	Mit Installatione wie Bergbahne, aber au em Uusbau vo Wanderweg.
Many vaccination -skeptical parents find out more about the Internet.	Villi Vochäufer hend vo Botanik wenig Ahnig.
Today they are closer to the town hall and serve the official flag.	dBahnfahrt isch im Skipass inbegriffe
This evidence also contains some analytical weaknesses that could only be removed later.	DLandwirtschaft produziert Gmües, Obst, Fleisch und Milch für üsen tägliche Bedarf.
A one -piece suit with sleeves is common when swimming.	Zum Biispiel profitiered 100 bis 300 Küstebewohner bi Stürm und Fluete vo Mangrovewälder und Koralleriff.
The players did not bother the players after the game.	Wiiter isch plant, i Zemmearbet mit andere Spitöler di postoperativi Nochsorg aazbüüte.
The fact that England is fighting for the title at this World Cup is more than deserved for him.	So sind ellei für 2020 drü wiiteri Mars-Missione plant.
In absolute numbers, the level ranges geochronologically from about million to about million years.	Di neuartig Gentherapie loht Betroffeni hoffe.
Sometimes sunny on Sunday and Monday.	Es wird wohl Johre goh, bis sich dRegion vo de Katastrophe erhole wird.
Because they understand that this would weaken the position of the Brazilian economy worldwide.	Hüt setzt de Kanton Freiburg voschideni Präventions- und Betreuigsmassnahme im Bereich vo de Spielsucht und de Voschuldig um.
Storing cash on a large scale, but is also not cheap.	Etz wird imne politische Vorstoss volangt, dass de Bundsrot en Bricht über dGsundheit vo Schwule und Lesbe erstellt.
According to estimates in the industry, the investment costs are between CHF 1 and CHF 3 billion.	Mit hilf vo ihrem Hörsinn chönd sie sich im Dunkle perfekt orientiere.
However, this is only a good thing if you can give your own data out of your hand without any problems.	die erfülled dWHO-Richtliinie mühelos.
It leaves residues in the drinking water.	So seg da au vor 20 Johre, wo dSchlüsselloch -Methode zum erschte mol gmacht worde isch, de Fall gsi.
Depending on the canton, services are carried by the seniors who cover the health insurance companies in another canton.	Au Mittel geg Bluethochdruck und sogar Anti-Baby-Pille würed knapp werde.
Sormir in the Oberhalbstein is the only large region that Rumantsch Grischun still teaches at school.	dPlanig seg aber wege de Quarantäne komplex, seit de Lenz.
He can currently be seen in “Parasite”, the winning film of Cannes.	Mir helfed üs gegesiitig, mir schaffed i Teams und mir sind flexibel.
The Boeing of Type 737-800 NG has only been used for the company since 2016.	De Saturn isch dur sini Ring guet vo de andere Planete zunterscheide.
Now the nurse has been unable to work for months.	Es isch de Geh gsi.
It was reliably on his hot chair in April.	Strebepfiiler und Gwölbrippe düüted uf de spotgotisch Stil hi.
"The parliamentarians will definitely refer to the German suggestions," believes SRF climate expert Klaus Ammann.	Ziel isch es, Stress oder Spannig abzbaue und au dEskalation vomne Konflikt zvohindere.
It will soon be dismantled, restored and rebuilt in the same place.	Aber de Tüüfel isch wieder cho und het de Ort vofluecht.
The "stupid, vulgar comedy" is shameful for everyone involved.	Mengisch sind sie bemolt, meistens uf de Innesiite.
He produces one -piece and composite springs.	Gott, de Schöpfer, isch de Ursprung und de Erhalter vom ganze Kosmos.
They arise slowly and cause less pain and symptoms than a grain of barley.	Die über sganze Stadtgebiet zerstreute Fakultäte und Institut sind zu eigeständige Iirichtige worde.
It is also selectable for many bourgeois.	Di vowendete System sind de soziale Software zuezrechne.
Politologist Sarah Bütikofer: «You cannot expect to change the tone or politics in general.	Und so chönd sini Eltere no eimol vo vorne aafange.
She builds a nest, lays eggs and feeds her boys with pollen.	Rügzugsrüm sötted zumne agnehme Arbetsklima biträge.
The reason: Moore was drained and drained in order to win pasture as a peat as fuel.	Si chönd aber bi de Prozessstandschaft au usenandgheie.
Many vaccination -skeptical parents find out more about the Internet.	Au isch de Huutkontakt mit dene Öl gsundheitlich unbedenklich.
Today they are closer to the town hall and serve the official flag.	De Sinzedorf het en Teil vo sine Besitzige vochauft, um dStrof zzahle zchöne.
This evidence also contains some analytical weaknesses that could only be removed later.	Endi achzgerjohr het en weltwiit bekannte Fuessballer zSt.Galle gspillt.
A one -piece suit with sleeves is common when swimming.	Drum gits Blatt em Nationalcoach Mick McCathy Tipps bezüglich de Ufstellig.
The players did not bother the players after the game.	Es bruchi meh Stelle für Athletinne und Athlete.
The fact that England is fighting for the title at this World Cup is more than deserved for him.	SMonstrum "Dopinganalyse" het alli Ressource ufgfresse für di planti sportwüsseschaftlich Forschig.
In absolute numbers, the level ranges geochronologically from about million to about million years.	Mai zweituusigsechzeh: De FC Züri stigt ab. sSpiel um de Abstieg zwüsched Züri und Vaduz het gwalttätig gendet.
Sometimes sunny on Sunday and Monday.	dAl zieht di vo obe.
Because they understand that this would weaken the position of the Brazilian economy worldwide.	Als ob er uf öpis wür warte.
Storing cash on a large scale, but is also not cheap.	Wennd no länger wartisch, chumi ine und hol di, het de Adam gseit.
According to estimates in the industry, the investment costs are between CHF 1 and CHF 3 billion.	Si het sich dSeel vom Liib brüehlt.
However, this is only a good thing if you can give your own data out of your hand without any problems.	I ha nomol gwendet und ufs Dorf gluegt.
It leaves residues in the drinking water.	Aber er het ihre nöd widersproche.
Depending on the canton, services are carried by the seniors who cover the health insurance companies in another canton.	Verehrte Kolleg, het sich di orgelnd Bassstimm vom Professor Goutieres zWort gmeldet, erlaubed Si, dass I ine widersprich.
Sormir in the Oberhalbstein is the only large region that Rumantsch Grischun still teaches at school.	Etz, Gfährte, weles schreckliche Gheimnis wetsch du mir denn avotraue?
He can currently be seen in “Parasite”, the winning film of Cannes.	I ha mit ihre diskutiert, ghaderet und gstriite, aber si isch hartnäckig bliibe.
The Boeing of Type 737-800 NG has only been used for the company since 2016.	het ihn zerrisse und dSchnipsel in Müll gschmisse.
Now the nurse has been unable to work for months.	I ha bestimmt drü Kilo zuegnoh.
It was reliably on his hot chair in April.	Es gleitet mir gad us de Hand.
"The parliamentarians will definitely refer to the German suggestions," believes SRF climate expert Klaus Ammann.	Du hesch damals alles weg gesse.
It will soon be dismantled, restored and rebuilt in the same place.	I seg du wirsch für sie kehrt ha.
The "stupid, vulgar comedy" is shameful for everyone involved.	Vomuetli us dem Grund isch au kei Abbildig vo ihm überlifered.
He produces one -piece and composite springs.	De Bahnhof isch abseits vom Ort im Wald glege.
They arise slowly and cause less pain and symptoms than a grain of barley.	Über de Bärge bildet sich Quellwolke mit einzelne Schauer und Gwitter.
It is also selectable for many bourgeois.	Am Mäntig trüeb und nass.
Politologist Sarah Bütikofer: «You cannot expect to change the tone or politics in general.	Starche Föhn.
She builds a nest, lays eggs and feeds her boys with pollen.	Vor allem am Samschtig gits i de Bärge lokali Rägäschauer.
The reason: Moore was drained and drained in order to win pasture as a peat as fuel.	Grad im Früehlig, wenn dSunne intensiv strahlt, bestoht es erhöhts Lawinerisiko.
Many vaccination -skeptical parents find out more about the Internet.	I de letschte Täg isch es immer wieder zu starche Schauer und sogar Wintergwitter cho.
Today they are closer to the town hall and serve the official flag.	Am Mäntig Sunne, aber au biz Näbel.
This evidence also contains some analytical weaknesses that could only be removed later.	Als bewölkte Himmel eine wo 70 Prozent vo de Himmelsflächi mit Wolke bedeckt isch.
A one -piece suit with sleeves is common when swimming.	Hüt Nomi gits abwechsligswiis sunnigi Phase und dunkli Quellwolke.
The players did not bother the players after the game.	Am Dunschtig einzelni Rägeschauer.
The fact that England is fighting for the title at this World Cup is more than deserved for him.	Am Zischtig abwechsligswiis Sunne, Wolke und Schauer.
In absolute numbers, the level ranges geochronologically from about million to about million years.	Tagsüber nur no lokali und meischtens churzi Schauer, dezwüsched sunnigi Abschnitt.
Sometimes sunny on Sunday and Monday.	Früeh am Morge -9 Grad, am Tag bis 12 Grad.
Because they understand that this would weaken the position of the Brazilian economy worldwide.	Früeh am Morge 9 Grad, Dhöchschttemperatur 23 Grad.
Storing cash on a large scale, but is also not cheap.	Uf 2000 Meter 10 Grad.
According to estimates in the industry, the investment costs are between CHF 1 and CHF 3 billion.	"I gang devo us, es werded gröberi Handelschrieg usbreche."
However, this is only a good thing if you can give your own data out of your hand without any problems.	Kei Uswirkige het dTeilprivatisierig ufs internationale Gschäft.
It leaves residues in the drinking water.	I de letschtgnannte drü Länder isch dTeilnahm vo de Arbetslose allerdings freiwillig.
Depending on the canton, services are carried by the seniors who cover the health insurance companies in another canton.	Im internationale Wettbewerb müested dSchwiizer Unternehme innoviere, das bedütet automatisiere.
Sormir in the Oberhalbstein is the only large region that Rumantsch Grischun still teaches at school.	Insgesamt 2300 Studierendi sind a de Fernfachhochschuel Schwiiz iigschriibe.
He can currently be seen in “Parasite”, the winning film of Cannes.	Die chönted Computer und ähnlichi Technologie um en Faktor tuusig energieeffizienter mache.
The Boeing of Type 737-800 NG has only been used for the company since 2016.	Wer dHypatia tötet het, het drum nöd nur en Mensch töted, sondern het es Exempel vonre alte, aber fortschrittliche Kultur statuiert.
Now the nurse has been unable to work for months.	Die bruched viel Strom.
It was reliably on his hot chair in April.	Wie sin Vorgänger wott au de Cortizo dBezüchige zu China votüüfe.
"The parliamentarians will definitely refer to the German suggestions," believes SRF climate expert Klaus Ammann.	Bi einere Gruppe werded Entwickligsprojekt duregführt, di ander Gruppe dieni als Kontrolle.
It will soon be dismantled, restored and rebuilt in the same place.	Grad au, wils döt uf chlinem Ruum viel Spezialiste git, wo sich uustusched, wie suscht chum wo uf de Welt.
The "stupid, vulgar comedy" is shameful for everyone involved.	I befürcht, dass dAntenne Chrankheite uslöst.
He produces one -piece and composite springs.	Eis biispil: "Amazon isch als Cloud-Abüter dezue überegange, selber Computerchips zentwerfe und zproduziere", seit de Buchmann.
They arise slowly and cause less pain and symptoms than a grain of barley.	De Ökostrom-Usbau wird guet understützt, trotzdem segs Land wiiterhin starch vo Chohle für dEnergiegwünnig abhängig.
It is also selectable for many bourgeois.	Jo, im Nochhinein müest me sege, me het meh chöne ufkläre.
Politologist Sarah Bütikofer: «You cannot expect to change the tone or politics in general.	Sie alli interessiered sich für dGoogle Cloud.
She builds a nest, lays eggs and feeds her boys with pollen.	dFolge für dGsellschaft sind gravierend.
The reason: Moore was drained and drained in order to win pasture as a peat as fuel.	Ellei mit de eigete Forschig und Entwicklig schaffed dPharma-Multis da nöd.
Many vaccination -skeptical parents find out more about the Internet.	Keis Thema isch bis jetzt de neui Mobilfunkstandard bi de FDP.
Today they are closer to the town hall and serve the official flag.	De Rektor vo de Wirtschaftsschuel KV Bade, de Jörg Pfister, git sich glasse.
This evidence also contains some analytical weaknesses that could only be removed later.	Er heg vor rund 50'000 Johr uf de philippinische Insle Luzon glebt.
A one -piece suit with sleeves is common when swimming.	Also drü Grad meh als hüt.
The players did not bother the players after the game.	sBekanntischte Bispil ischs Sozialkredit-System, wo in China erprobt wird.
The fact that England is fighting for the title at this World Cup is more than deserved for him.	de Sunnewind - de stetig Strom vo gladene Teili, wo dSunne is All entloht - wird i sötige Fäll zumne Sunnesturm.
In absolute numbers, the level ranges geochronologically from about million to about million years.	Grad für Software-Entwickler gäbis viel ztue.
Sometimes sunny on Sunday and Monday.	dHülsefrüchtler wie Bohne und Erbsli folged a zweiter Stell.
Because they understand that this would weaken the position of the Brazilian economy worldwide.	Si isch meischtens bodeständig und zum Teil deftig.
Storing cash on a large scale, but is also not cheap.	De Bohrer wird au mit de Prägig vom Begriff "Guetmensch" i vobindig brocht.
According to estimates in the industry, the investment costs are between CHF 1 and CHF 3 billion.	Aktuell gits Bonbons vo zwölf voschidene Gschmacksrichtige.
However, this is only a good thing if you can give your own data out of your hand without any problems.	Drüber hinus bsitzed dWirkstoff vo de Pfefferminz au en liecht beruhigende Effekt.
It leaves residues in the drinking water.	Si cha demit sehr starchi, bösi Magie bewirke.
Depending on the canton, services are carried by the seniors who cover the health insurance companies in another canton.	Während dere Ziit durdringt de Branntwii de Chäs.
Sormir in the Oberhalbstein is the only large region that Rumantsch Grischun still teaches at school.	Si isch mit em Literaturwüsseschaftler Karl Heinz Bohrer vohürotet.
He can currently be seen in “Parasite”, the winning film of Cannes.	Er het en gstreifte Bonbon ufme Holzstab für e Peseta vochauft.
The Boeing of Type 737-800 NG has only been used for the company since 2016.	Pfefferminzöl het sich i dere Hiisicht zuedem als anderi Analgetika ebebürtig erwise.
Now the nurse has been unable to work for months.	De Jack triibt e böses Spiel mit de beidne und tötet einigi Unbeteiligti.
It was reliably on his hot chair in April.	dBestürig wird vo de Bundesmonopolvowaltig für Branntwii vowalted.
"The parliamentarians will definitely refer to the German suggestions," believes SRF climate expert Klaus Ammann.	Er chan au geg Brechreiz iigsetz werde.
It will soon be dismantled, restored and rebuilt in the same place.	De vier Meter höchi Bretterzuun zwüsched Bremerhave und Lehe isch voschwunde.
The "stupid, vulgar comedy" is shameful for everyone involved.	Einzelni Brocke werded au wesentlich wiiter transportiert.
He produces one -piece and composite springs.	Bsunders bedütend isch da bi purem Wiisbrot und Brötli.
They arise slowly and cause less pain and symptoms than a grain of barley.	dRest vo de Grundmuure liged hüt no vor de "Brocketor"-Klippe.
It is also selectable for many bourgeois.	dSchnittflächi vo söttige Brötli werded vor em Belegge i de Regle gröschtet.
Politologist Sarah Bütikofer: «You cannot expect to change the tone or politics in general.	Es lit uf beidne Siite vom Fluss Mincio unterhalb vo de Visconti-Brugg.
She builds a nest, lays eggs and feeds her boys with pollen.	De Poseidonios het uf em Zenon sini Kritik mitme ganze Buech gantwortet.
The reason: Moore was drained and drained in order to win pasture as a peat as fuel.	I dere Ziit het er sis Meischterwerch "Sbucklige Rössli" gschribe.
Many vaccination -skeptical parents find out more about the Internet.	Meischtens sind Schiitüre bunt bemolt und riich voziert.
Today they are closer to the town hall and serve the official flag.	Noch em Haltepunkt Buseberg-Schindhard folgt e grösseri Rechtskurve; sTal wird döt zuenehmend breiter.
This evidence also contains some analytical weaknesses that could only be removed later.	Markant isch sbunti Layout vom Magazin gsi, entwicklet vom Kommunikationsdesign-Professor Lo Breier.
A one -piece suit with sleeves is common when swimming.	Die Buslinie bediened dStadtteil, wo kei Strossebahn führt, hauptsächlich Harleshause und Waldau
The players did not bother the players after the game.	En Büstehalter isch us fine Line mit wertvolle Nadelspitz bestande.
The fact that England is fighting for the title at this World Cup is more than deserved for him.	Au Vollkornbrot mit Butter und Chäs isch zuelässig.
In absolute numbers, the level ranges geochronologically from about million to about million years.	Zersch isch mit Champagner und andere Wii us em Champagne Handel betribe worde.
Sometimes sunny on Sunday and Monday.	I de Johr noch de Unabhängigkeit het sich in Burundi zuenehmend Chaos usbreitet.
Because they understand that this would weaken the position of the Brazilian economy worldwide.	Zum Reichsstatthalter isch de bisherig Chef vo de Zivilvowaltig Greiser ernannt worde.
Storing cash on a large scale, but is also not cheap.	Ersch noch de Arbeite isch de Stearns zum erschte mol mit Computer i Berüehrig cho.
According to estimates in the industry, the investment costs are between CHF 1 and CHF 3 billion.	de Croissant het als ihre Instrukteur und Kurier fungiert.
However, this is only a good thing if you can give your own data out of your hand without any problems.	Vo Nochteil isch debii, dass sEnzym schnell Schade nimmt und somit sini Aktivität volürt.
It leaves residues in the drinking water.	Schwiizer Stil mit Schnitzereie am Dachbalke.
Depending on the canton, services are carried by the seniors who cover the health insurance companies in another canton.	Im Uftrag vom Klaus Croissant isch er im Stammheim-Prozess als Tontechniker tätig gsi.
Sormir in the Oberhalbstein is the only large region that Rumantsch Grischun still teaches at school.	Döt werded bsunders Dachbalke und Bestandteil für Berghütte produziert.
He can currently be seen in “Parasite”, the winning film of Cannes.	Uf alli Richtige isch Dankerode vo Wiese und Wälder umgeh.
The Boeing of Type 737-800 NG has only been used for the company since 2016.	E grossi Azahl vo sine Uftraggeber isch vo jüdischem Glaube gsi und demit em Nazi-Terror usgsetzt.
Now the nurse has been unable to work for months.	De Dankert isch als Sohn vom Schlosser Friedrich August Dankert und vo de Louise Auguste gebore.
It was reliably on his hot chair in April.	Em Schutz vom Wald vor Raubbau und de Weidwirtschaft wird drin grossi Ufmerksamkeit gwidmet.
"The parliamentarians will definitely refer to the German suggestions," believes SRF climate expert Klaus Ammann.	Grundgedanke vo dere Reglig isch, dass demit dWaffeglichheit zwüsched de Parteie eher gwahrt bliibt.
It will soon be dismantled, restored and rebuilt in the same place.	Dur da wird de Kanal durhaft vo Ablagerige und Sedimentation befreit.
The "stupid, vulgar comedy" is shameful for everyone involved.	Direkt gegenüber vo de Chile lit e traditionells Fachwerkhuus, wies anno dazumal üblich gsi isch.
He produces one -piece and composite springs.	Dank Wiiterbildig hofft er, demnächscht e besseri Aastellig als Elektriker zerhalte.
They arise slowly and cause less pain and symptoms than a grain of barley.	De Depp isch nebed em Nick Nolte au usfüehrende Produzent.
It is also selectable for many bourgeois.	Di chemisch Struktur ähnlet starch dejenige vo Fluoxetin.
Politologist Sarah Bütikofer: «You cannot expect to change the tone or politics in general.	De Depp isch frustiert gsi, woner erfahre het, dass vili vo sine wenige Szene usegschnitte worde sind.
She builds a nest, lays eggs and feeds her boys with pollen.	Wiiteri Biispil für Meeresvögel sind Pinguin, Alkevögel wie Papageitaucher oder Trottellumme, Austerfischer und Säbelschnäbler.
The reason: Moore was drained and drained in order to win pasture as a peat as fuel.	Di aschlüssend Tour het sie denn dur Dütschland, Schwede, Holland und dSchwiiz gführt.
Many vaccination -skeptical parents find out more about the Internet.	Die Rundfahrt isch zur Ziit seinzige Profi-Etapperenne i Dütschland.
Today they are closer to the town hall and serve the official flag.	Er isch eine vo de Mitbegründer vom junge Dütschschwiizer Spielfilm.
This evidence also contains some analytical weaknesses that could only be removed later.	Bi sim Nationalmannschaftsdebüt het er uf dNationalmannschaft Dütschland troffe.
A one -piece suit with sleeves is common when swimming.	De Herbert Dreilich isch in Grossbritannie und de Bundesrepublik Dütschland ufgwachse.
The players did not bother the players after the game.	Die wiederum sind Teil vo de "Dütschschwiizer Vereinigung" mit Sitz i Züri.
The fact that England is fighting for the title at this World Cup is more than deserved for him.	Rege Handel isch jede Zischtig ufem Hopfemarkt tribe worde.
In absolute numbers, the level ranges geochronologically from about million to about million years.	Er isch da mol insgesamt siebte.
Sometimes sunny on Sunday and Monday.	Am Zischtig, Donnschtig und am Samschtig isch Wuchemarkt uf em Wiener Platz.
Because they understand that this would weaken the position of the Brazilian economy worldwide.	Spöteri Fäll hend da Urteil jedoch untergrabe.
Storing cash on a large scale, but is also not cheap.	d'Uszeichnig het aber au wieder chöne aberchannt werde.
According to estimates in the industry, the investment costs are between CHF 1 and CHF 3 billion.	Sini gnaue Lebesdate und -umständ sind nöd bekannt.
However, this is only a good thing if you can give your own data out of your hand without any problems.	I de vereinigte Staate wirds traditionell zu Wiehnachte oder Neujohr trunke.
It leaves residues in the drinking water.	E Fuessgängerbrugg führt in benochbarte Donners Park.
Depending on the canton, services are carried by the seniors who cover the health insurance companies in another canton.	dSynode tagt immer vom Donnschtig vorem letzte Juni-Sunntig bis zum folgende Mäntig.
Sormir in the Oberhalbstein is the only large region that Rumantsch Grischun still teaches at school.	Si werdet traditionell am Donnschtig vor Aschermittwuch vospise.
He can currently be seen in “Parasite”, the winning film of Cannes.	Im Ort gits es Hotel, e Sennerei und en Dorflade.
The Boeing of Type 737-800 NG has only been used for the company since 2016.	Debii ischs under anderem ums Zruggdränge vom chinesische Iifluss gange.
Now the nurse has been unable to work for months.	Drum stelli etz drü Forderige a di beteiligte Parteie.
It was reliably on his hot chair in April.	Si dreied sich jewils um eine vo de füf Hauptcharaktere.
"The parliamentarians will definitely refer to the German suggestions," believes SRF climate expert Klaus Ammann.	dLiane het inzwüsche ihri Dummheit iigseh.
It will soon be dismantled, restored and rebuilt in the same place.	De Matthias Brinkmann het dBiologie durchus komform mit de Rasselehr glehrt.
The "stupid, vulgar comedy" is shameful for everyone involved.	Di hüfigschte Nebewürkige sind Erbreche und Durchfall.
He produces one -piece and composite springs.	I de Höchlage chönd dWinter durchus streng werde.
They arise slowly and cause less pain and symptoms than a grain of barley.	Erwärmt trunke, sötts au es Mittel geg de Durchfall gsi si.
It is also selectable for many bourgeois.	I sinre Privatwohnig sind illegali Handzettel agfertigt worde, wo under gröschte Gfohr vobreitet worde sind.
Politologist Sarah Bütikofer: «You cannot expect to change the tone or politics in general.	Entweder wird de ling oder de recht Fuess vorne platziert.
She builds a nest, lays eggs and feeds her boys with pollen.	Es het de Ehrename vom Kommunischt Hugo Eberlin treit, wo Opfer vo de Stalinsche Süberige worde isch.
The reason: Moore was drained and drained in order to win pasture as a peat as fuel.	Si isch mit volle militärische Ehre imne private Mausoleum i Pittsburgh, Pennsylvanie bestatted worde.
Many vaccination -skeptical parents find out more about the Internet.	Bereits als Grundschüeler het de Konrad Otto de Naturschutzverein "Eidechse" i Detmold gründet.
Today they are closer to the town hall and serve the official flag.	Um dBertie iifosüchtig zmache, loht sich dUschi ufs Agebot ii.
This evidence also contains some analytical weaknesses that could only be removed later.	Es ghört ufgrund vo sinre eigenartige Erschinig zu de meischtbsuechte Gegende vo Öland.
A one -piece suit with sleeves is common when swimming.	Die mit Lokalkolorit usgstattete Roman hend biswile Vorbilder oder Motiv vo de Realität übernoh.
The players did not bother the players after the game.	Die ernähred sich zersch mol vo Heuschrecke und chline Eidechse.
The fact that England is fighting for the title at this World Cup is more than deserved for him.	Da het aber sini iivosüchtigi Gattin Hera bemerkt.
In absolute numbers, the level ranges geochronologically from about million to about million years.	Es hend drü Konferenze mit Votreter us vilne Teil vo Afghanistan stattgfunde.
Sometimes sunny on Sunday and Monday.	Denn isch dSchleife für kein vo de beteiligte Betreuer offesichtlich.
Because they understand that this would weaken the position of the Brazilian economy worldwide.	Als Frau het sie sich dMöglichkeit vonre Habilitation möse erkämpfe.
Storing cash on a large scale, but is also not cheap.	dIiwohner vo Politika sind under anderem i de Landwirtschaft und im Tourismussektor tätig.
According to estimates in the industry, the investment costs are between CHF 1 and CHF 3 billion.	dPaarbildig isch für e Reihe vo Tierarte sehr gründlich untersuecht worde.
However, this is only a good thing if you can give your own data out of your hand without any problems.	E Person isch nöd gfasst worde und gilt als voscholle.
It leaves residues in the drinking water.	Dur ihri eifach Konstruktion sind die liecht zherstelle und meischtens wartigsfrei.
Depending on the canton, services are carried by the seniors who cover the health insurance companies in another canton.	Da isch über Rampe mit de Fahrzügdeck vobunde, um e eifachs Volade zermögliche.
Sormir in the Oberhalbstein is the only large region that Rumantsch Grischun still teaches at school.	Er stellt sich nomol zur Wiederwahl und het gschiitered.
He can currently be seen in “Parasite”, the winning film of Cannes.	Kein vo de handelnde Figure loht sich eidütig iiordne, isch nur guet oder nur schlecht.
The Boeing of Type 737-800 NG has only been used for the company since 2016.	Usserdem isch er eimol zunere Geldstrof verurteilt worde.
Now the nurse has been unable to work for months.	sWerch loht sich id Kategorie Seinen iiordne.
It was reliably on his hot chair in April.	Für dHerkunft vo de Bezeichnig "Iisbei" gits unterschidlichi Erchlärige.
"The parliamentarians will definitely refer to the German suggestions," believes SRF climate expert Klaus Ammann.	Er het au sServiere vo Glace bi nomitäggliche Empfäng iigführt.
It will soon be dismantled, restored and rebuilt in the same place.	Im Winter chame ufem See schlittschüehle.
The "stupid, vulgar comedy" is shameful for everyone involved.	Si werded drum meischtens Süessspiise, Glace oder Mayonnaise zuegsetzt.
He produces one -piece and composite springs.	Zu sine Schüeler hend de Berhard vo Langebeck und dLouis Stromeyer ghört.
They arise slowly and cause less pain and symptoms than a grain of barley.	De Belgisch Schöferhund het en liechte Chnochebau und en eleganti Gsamterschinig.
It is also selectable for many bourgeois.	Weltmeischter isch Brasilie im Final geg Italie worde, wobi zum erschte mol Elfmeterschüsse dEntscheidig brocht het.
Politologist Sarah Bütikofer: «You cannot expect to change the tone or politics in general.	Bevor de uf Elsterwerde cho isch, isch er de sächsisch Rot und Statthalter vo Merseburg gsi.
She builds a nest, lays eggs and feeds her boys with pollen.	I sinre Freiziit molt de Josepf Wittlich emsig uf Papierböge.
The reason: Moore was drained and drained in order to win pasture as a peat as fuel.	Als Jugendliche hett de Besson allerdings no wöle Meeresbiolog werde.
Many vaccination -skeptical parents find out more about the Internet.	De Schwarzbach schwillt bi starche Regefäll uf e Vielfachs vo sinre normale Wassermengi a.
Today they are closer to the town hall and serve the official flag.	Trotz emne Niederschlag het er de Gürtel knapp no gunne.
This evidence also contains some analytical weaknesses that could only be removed later.	De Litani wird wirtschaftlich für dStromerzügig, zur Wasserversorgig und zur Bewässerig gnutzt.
A one -piece suit with sleeves is common when swimming.	De Burdon wird vomne elegante Gitarrespiel begleitet.
The players did not bother the players after the game.	Zwei Jugendlichi finded ihn.
The fact that England is fighting for the title at this World Cup is more than deserved for him.	dLadiner stelled knapp vier Prozent vo de Bevölkerig vom Südtirol.
In absolute numbers, the level ranges geochronologically from about million to about million years.	Debii isch ihre ihri Sprochbegabig en enormi Hilf.
Sometimes sunny on Sunday and Monday.	Da isch wichtig bi Enteignige.
Because they understand that this would weaken the position of the Brazilian economy worldwide.	Er het erheblichi Missständ iigrumt und um Entschuldigung bette
Storing cash on a large scale, but is also not cheap.	Zuedem sinds eifacher zentwerfe und bruched weniger Platz.
According to estimates in the industry, the investment costs are between CHF 1 and CHF 3 billion.	sSchisma het dodure au im Orde Iizug ghalte und de entzweit.
However, this is only a good thing if you can give your own data out of your hand without any problems.	Als noch allerhand Turbulenze de Schwindel ufgfloge isch, reist dSchwöschter vom Kuckuck erbost ab.
It leaves residues in the drinking water.	De Schäfer het für de Eklat um Entschuldigung bette.
Depending on the canton, services are carried by the seniors who cover the health insurance companies in another canton.	Originell isch sin Vosuech gsi, e neus Mittelalter-Curriculum zentwerfe.
Sormir in the Oberhalbstein is the only large region that Rumantsch Grischun still teaches at school.	Über da hend sich de Stifter vom Chloschter und sin bedütendschte Finanzier entzweit.
He can currently be seen in “Parasite”, the winning film of Cannes.	Noch de Ufnahm vo Saccharos chunts zu Buchweh, Chrämpf, Durchfall und Erbreche.
The Boeing of Type 737-800 NG has only been used for the company since 2016.	Allerdings het er das nur direkt gmacht, woner Erfreulichs zvomelde gha het.
Now the nurse has been unable to work for months.	A ergiebige Nahrigsquelle chönd sich innerhalb vo wenige Täg einigi tusig Vögel sammle.
It was reliably on his hot chair in April.	Es cha zu Übelkeit, Erbreche und im schlimmschte Fall zu erhebliche Hirnschäde füehre.
"The parliamentarians will definitely refer to the German suggestions," believes SRF climate expert Klaus Ammann.	Spöter isch dErdbeeri sogar is Wappe ufgnoh worde.
It will soon be dismantled, restored and rebuilt in the same place.	Denkbar isch de Standort weg em ergiebige Flüssgwässer.
The "stupid, vulgar comedy" is shameful for everyone involved.	Im Bereich vo de hütige Wallfahrtschile volönd ihn dChräft und er isch erschöpft abegsunke.
He produces one -piece and composite springs.	De Geischt het ihn nöd voschreckt, sondern inspiriert.
They arise slowly and cause less pain and symptoms than a grain of barley.	Sini Umsicht und sini Unerschrockeheit isch vom Andreas Hofer persönlich gwürdigt worde.
It is also selectable for many bourgeois.	Im Fall vo Skelettmuskle werded die Chräft dur Sehne uf dChnöche übertreit.
Politologist Sarah Bütikofer: «You cannot expect to change the tone or politics in general.	Dezue werded spezielli Farbruum-Metadate übertreit.
She builds a nest, lays eggs and feeds her boys with pollen.	Bis uf de Fintan votrinked aber alli bi de Fluet.
The reason: Moore was drained and drained in order to win pasture as a peat as fuel.	dFroge werded iiblended und dAstronaute erwidered mit ihrere Antwort.
Many vaccination -skeptical parents find out more about the Internet.	I di Befreiigschrieg vowüscht sich i Preusse dUnterscheidig zwüsched Füsilier, Grenadier und Musketier.
Today they are closer to the town hall and serve the official flag.	dChind sind uffalend blass und oft scho noch chline Astrengige erschöpft.
This evidence also contains some analytical weaknesses that could only be removed later.	Es bestoht dGfohr, dass sie denn us Erschöpfig ertrinked.
A one -piece suit with sleeves is common when swimming.	Em Butler sini richhaltige Publikatione umfassed erzählendi Literatur und Reisebricht.
The players did not bother the players after the game.	Beidi Albene sind bewusst biz "poppiger" ghalte.
The fact that England is fighting for the title at this World Cup is more than deserved for him.	Hüt isch devo chum no öpis zgseh.
In absolute numbers, the level ranges geochronologically from about million to about million years.	I de nochfolgende Johr sind sie aber wiitgehend i Vogesseheit grote.
Sometimes sunny on Sunday and Monday.	Jede Landesvoband wählt sin Sekretär und eventuell en Vizesekretär und Schatzmeister.
Because they understand that this would weaken the position of the Brazilian economy worldwide.	dSpannig zwüsched ihm und de Sema schiint zexplodiere.
Storing cash on a large scale, but is also not cheap.	Am Joe glingts, de Gillingham und alli Passagier zrette, bevor dBombe explodiert.
According to estimates in the industry, the investment costs are between CHF 1 and CHF 3 billion.	De Vofassigsschutz vom Bund und voschidene Landesbehörde ordned de Verein als rechtsextrem ii.
However, this is only a good thing if you can give your own data out of your hand without any problems.	dZungeblüete chönd zungeförmig ende oder dünn bis fadeförmig sii.
It leaves residues in the drinking water.	Die Abbildig nennt me "dPfad" vom Prozess.
Depending on the canton, services are carried by the seniors who cover the health insurance companies in another canton.	De Pfad selber bestoht zum Grossteil us ere Stahl-Stiegalag.
Sormir in the Oberhalbstein is the only large region that Rumantsch Grischun still teaches at school.	Velo- und Wanderweg volaufed um de gsamti Stausee.
	dFahrschii sind im Voglich zum Chauf am Automat teilwiis vogünschtigt.
	sKlima isch subtropisch und mässig troche, dNiederschläg falled fascht usschlüslich im Summerhalbjohr.
	Im Gegezug wird er dChlag falle loh.
	Au katholischi Pfarrämter hend gholfe: Si hend falschi Geburtsurkunde bsorgt.
	Soziali Institutione hindered Fraue dra, ihri "ganz Humanität zentfalte".
	Noch em Februarufstand isch er in "Rabehof" unbenannt worde.
	Nebed de Chrüüter für di Frankfurter Grüeni Sosse werded hauptsächlich Feldsalot und Rauke aabbaut.
	De Sag no isch dInsle en Felsbrogge us de Hand vo de Zyklope.
	Sie blüeht döt vom Februar bis im März.
	Um dKontrolle über dAutos bhalte zchönne, werded weichi Federe bevorzugt.
	De Gekielti Feldsalot chunnt in Mittel- und Südeuropa und Nordafrika vor.
	Grossi Stei werded au "Felse" oder "Felsbröcke" gnennt.
	Drum wird si au als Fenschter bezeichnet.
	Noch einiger Vozögerig ischs nünte Ferkel uf dWelt cho.
	Si wott a irere Freiheit festhebe und sich kein fremde Wille ufzwinge loh.
	Unmittelbar noch em Beginn vo de nationalsozialistische Herrschaft isch de Ferkel vohafted worde.
	I dere Stadt änderet sich einiges, mit em Iizug vom erschte Fernseh.
	De Rückstoss isch dur Bremse a de Lafette abgfange worde.
	Di jewillige Meischter sind fettdruckt.
	Spolnische Wort bedütet: "Fetze, Lumpe".
	dÄrm und dHänd sind relativ gross, kennzeichnend isch de volängerti erschti Finger gsi.
	Ufenere Fiir i de Villa chlaut de Anton e wertvolls Fahrzüg.
	dFigur voschwindet nochedher mit grosser Gschwindigkeit i de Ferni.
	Schnell isch er i di damalig Folkszene integriert worde und isch zumne bekannte Fingerpicking-Gitarrischt worde.
	Bi bedecktem Himmel sötted dFläsche für zwei Täg exponiert bliibe.
	dUnterlippe wiist en wiise Fleck mit violette Strich uf.
	Noch em Wille vo de Eltere söt er Wirt, Fleischhauer oder Flieseleger werde.
	Sis Hauptinteresse bestoht dine, mit Fraue zflirte oder sie sexuell zbeläschtige.
	Döt wöt er sich einersiits em Balak zur Vofüegig stelle, um Gottes Volk zvoflueche.
	Alte Traditione de Folg noh isch da Khanat usme rechte und emne lingge Flügel bestande.
	dIiwohner vom Stadtteil flüschtered vo "singende Glogge".
	en Try isch es rechteggigs Gebilde mit Votüfige für dFläsche.
	Binre Variation vom Gfieder fehlt di schwarz Sprenkelig und Fleckig.
	Zum Handwerch zehled bsunders de Holzbau und au Moler und Flieseleger.
	dInga und dLiv flirted inzwüsche mit anderne Jungs.
	De Gouverneur isch de Aafüehrer vom moderat-liberale Flügel vo de Republikaner gsi.
	Uf de erscht Blick schiint dOrganisation de Erforderniss vo de Iirichtig aagmesse zsi.
	Si findet drin zwüsched Chleidigsstück zwei antiki Ohrring und au es Foti vomne Nachtklub.
	Nochemne Johr sind Dreharbeite us Geldmangel iigstellt worde.
	dFranse sind schwärzlich grau.
	I de folgende Johr isches zu mehrfache Plünderige dur französischi Truppe cho.
	de Althaus un d Elert fordered i ihrem Guetachte, "nödarischi" Bewerber um e chirchliches Amt uuszschlüsse.
	Sini Studie i de Fotografie het er als Autodidakt vollzoge.
	Je noch Iirichtig und Arbet chömmed Gelder vo de Chranke- oder Pflegekasse.
	Sie sind mit dicht vochnüpfte Franse als au dicke Quaschte voziert.
	I villne Dörfer i Lothringe beherrscht dBevölkerig wiiterhin französisch und dütsch.
	Di ursprüngliche Wälder sind durs Farmland oder fremdländische Ghölz ersetzt worde.
	De Friseur stoht bim Wäsche hinder ihm.
	De dritt Satz bestoht usme fröhliche Menuett, gfolgt vomne Trio in c-moll.
	De Friseur vozellt ihm, de Mafioso seg iigschloffe.
	sVolk het de König sehr gern und alli sind fröhlich und zfride.
	Bi de Froschlürch werded die au als Kaulquappe bezeichnet.
	De früehneri Landesbischof Niklot Beste isch sin Vater gsi.
	In Züri heisst sFrüehligsfescht Sechselüüte.
	A Wuchetäg werded eher Zmorgeflöckli zum Zmorge serviert.
	Si gend zemme go zmörgele und treffed debii uf em Huck sin Vater.
	Sini Rach isch furchtbar gsi: Spanischi Truppe hend sSchloss und dStadt vowüeschted.
	Im Lauf vo de Ziit gselled sich Diabetes und Furunkel dezue.
	Zuedem isch er i jener Ziit id liechtesteiner Fuessballnationalmannschaft beruefe worde.
	Furunkel treted spontan und meischt ohni erchennbari Ursache einzeln oder ghüft uf.
	Nöd de Sieg isch primär im Vordergrund gstande, sondern dSchönheit vom Fuessbal isch postuliert worde.
	De Jan Berger junior het mit em Tschutte bi Sparta Prag gstarted.
	Degege füettered beidi Eltereteil dJungvögel.
	De Lenker isch direkt a de Gable aabrocht.
	Au in Dütschland het dBuechreihe "Gänsehut" grosse Erfolg.
	I de Gauliga isch er de erfolgriischti Golli vo de "Münchner".
	So isches zu Tötige vo Chriegsgfangene und Massaker a de Zivilibevölkerig cho.
	E Figur usem Film Cube isch nochem Gfängnis benannt.
	sGfieder isch allgemein dunkel blaugrau.
	dWiederchehr vom Geburtstag vo ihrem Ehrebürger Ernst Krenek.
	sGedränge isch gnauso typisch für die Sportart wie dGass.
	sGfieder isch allgemein stumpf schwarz.
	dBrust isch schwarz gfleckt, bi de weschtliche Form eher einheitlich dunkelgrau.
	De het drum vo etz a möse de Vandale findlich gegenüberstoh.
	Zuesätzlich vostoht er dAvance vo de Ruby ihm gegenüber am Afang nöd.
	Vo de Luftagriff im zweite Weltchrieg isch de Neipperg wiitgehend voschohnt bliibe.
	Wiiter sind dOrtsstrosse und dGehsteig uusbaut worde.
	Au us dere Ehe gönd aber kei Nochkomme hervor.
	Hüt stoht sBauwerch under Denkmolschutz und vofüegt über e Fahrbahn mit Gehsteig uf beidne Siite.
	Er isch mit de Maria vo Mosegeil, dTochter vom Karl vo Mosegeil, vohüroted.
	Zemme mit Das Bo isch denn di dritt Single "Wie geil isch das denn?" cho.
	De Schmid het usserdem dEhretitel "Päpstliche Husprälat", "Erzbischöfliche Geistliche Rot",und "Königliche Gheimrot", treit.
	Zum Zeichne als sini Liideschaft het er gseit: "I bi eigntli nöd sehr ehrgiizig".
	dTrikots sind vom Gonzo kklaut.
	kkochti Klöss werded zemme mit Ei zuebereitet und kkochti Härdöpfel hüfig als Brothärdöpfel agrichted.
	Wiiterhin het er dMusig zu "Wer hät üsen Dinosaurier klaut" komponiert.
	dFirma zehlt i dere Ziit zu de grosse dütsche Werchstätt vom spotromantische Orgelbau.
	Die hend dEntwickler vo Philips ständig i ihrem Geldbüütel gha.
	Alli Geldschii unterliged em Urheberrecht vo de Bangladesh Bank.
	Bi de Improvisation im Jazz werded glegentlich einzelni Phrase zitiert.
	De Staudamm sött i de Flussbügig "Aicher Glenk" entstoh.
	Er het sini Frau und ihre gmeinsam Sohn hinterloh.
	Vom Gschmack her isch de geli Chartreuse süesser und milder als de chräftig grüeni.
	Positiv für Geldbüütel und Umwelt.
	Di bisherig Geldschii sind nach wie vor gültig, werded aber nodisnoh iizoge.
	Sogar Mensche, wo täglich mit Side schaffed, versäged glegentlich.
	Me het denkt, wie de Unterchiefer het au de Oberchiefer afänglich vorne e Glenk-Symphyse gha.
	Uf dem Gipfel het er sich mit ihne uf gmeinsami nationali Wirtschaftspolitik geinigt.
	Au sini Blätter werded als Gmües vowendet.
	dIirichtig isch rustikal und gmüetlich.
	wieder erholt, isch me am Obig uf de Harzburg zum gmüetliche Teil überegange.
	Verhalted sich en anderi Reihe gnauso, isch au sie konvergent.
	Luut Wirtschaftsethiker Thomas Beschorner werded Unternehme zuenehmend zu politische Akteure.
	I zweiter Linie liigi de Ball aber au bi de andere Parteie, under anderem au bi de SP.
	Bsunders i de Romandie hend di Grüene chöne punkte.
	Ellei dBeschaffig vo Flugzüüg het 12 Johr duured.
	Da isch de Status, wo au für dZuekunft gelted.
	Het dPolitik i de letschte Johr diesbezüglich voseit?
	Da zeigt sich am Ziischtigobig.
	De Uusgang vo de Ständerotswahl in Genf isch no offe.
	Er het glichziitig au kritisiert, dass de damalig chostegünstigi Sieger Gripen von Saab us de Evaluation usgschlosse worde seg.
	Dezue chömed nödmaterielli Wert wie Seltbstvowürklichung, sinnstiftendi Tätigkeit, Usglich zwüsched Bruef- und Privatlebe.
	Rund ei Million mol isch de Clip aklickt worde.
	Aber trotzdem isches kein Zuefall, dass Sie 2015 Ihren Wahlkampf no mitme Oldtimer gmacht hend und jetzt mitme E-Bike.
	Es sind überwiegend jungi Italienerinne und Italiener, hüfig mitere guete Schuel- oder Universitätsusbildig.
	I dere Hiisicht isch Chile sSchlussliecht in Lateinamerika.
	Dass de Gender Report underem Strich au e liechti Vobesserig für dFraue aazeigt, isch uf dPolitik zruggzfüehre.
	De Fraueateil isch bescheide, nur guet ein Viertel vo de Teilnehmende isch wiiblich.
	De ehemolig Hotelier im Zentrum vom Impeachment-Sturm.
	Frögt me degege bi Erstwähler noh, trifft me uf Begeisterig, Vorfreud und Stolz uf dDemokratie.
	I denk, i ha de Job i Bern grad au drum becho, wil i Erfahrig han im Umgang mit VIPs.
	Si isch aber nöd im Notfallmodus.
	1997 isch de Chefartz vom Psychiatrische-Psychologische Dienst im Amt für Justizvollzug vom Kanton Züri.
	sStrofrecht isch immer nur sletschte Mittel.
	Di stimmberechtigte hend en entsprechendi Volksinitiative ganz knapp abglehnt.
	Tatsach isch aber, dass de Reynard i de Westschwiiz üsserst populär isch.
	In Friburg und Schwyz sind söttigi in Usarbeitig, nochdem sVolk Juso-Initiative au zuegstimmt hend.
	dSP isch vor zwölf Johre schomol am gliiche Punkt gsi wie hüt.
	dCharte werded im Stüürwettbewerb also neu gmischt.
	Damals isch dPartei erscht i sechs Gmeinde ufem erste Platz glege.
	Für e Mehrheit bruuched di Grüene also alli Stimme vo de SP und de GLP sowie e Mehrheit vo de CVP.
	Dezue het de Bundesrot aakündigt, dass dSchwiiz bis 2050 klimaneutral müessti werde.
	Friitig mitternacht lauft dIigabefrischt für dKandidate ab.
	Stimmt das?
	Au i het dem im Parlament chöne zuestimme.
	Zur aktuelle Online-Kampagne vo de CVP het dMarianne Binder gmeint es seg legitime Wahlkampf.
	De Ducrot leitet sit 2011 dFreiburger Verchehrsbetrieb.
	Gsamthaft finded 27 Prozent, dFDP müesti ufen Sitz vozichte, 20 Prozent wend de SVP en Sitz wegneh.
	Insgesamt gits also en liechte Rutsch noch grüen-links in Waadt.
	I bi happy do.
	"Es heisst mobile Individualvochehr, es goht also um Individue", seit de Burgener.
	De zweiti Wahlgang vospricht also einiges a Spannig.
	dSusanne Brunner: dReaktione sind gmischt.
	De Fall Hauert isch nöd us heiterem Himmel passiert, er het vielmeh en Systemfehler offe gleit.
	Als "Methusalem" chame degege de Gustave Ador bezeichne, wo 1917 im stattliche Alter vo 72 Johre zu Ehre cho isch.
	Münd Chliisparer also bald vozelle, wenn sie Geld binere Bank parkiere wend?
	Si isch au bekannt als Gsundheitspolitikerin und Mitglied vo de Gsundheitskommission.
	Es wär au nöd optimal, wenn dFDP-Bundesrötin Karin Keller-Sutter agriffe wür werde.
	organisiere und Tür-zuTür Aktione und inhaltlichi Debatte über di aktuelle Userforderige i de Politik.
	"I vobrenn, wani find - Autoreife, Schueh, Chleider." Im Moment segs dusse wärmer als dinne.
	Voher seged Spielsache chum je noch Gschlecht agfertig und aaprise worde.
	De Werner Salzmann isch glernte Landwirt, sit 2007 isch er bi de Stüürvowaltig vom Kanton Bern Chefexperte für Landwirtschaft.
	Trotzdem hend Sie ihren Rücktritt erscht noch de Ständerotswahle im Kanton Freibug kommuniziere welle.
	De Betriebsökonom politisiert sit 2002 i de chline Chammere.
	Er führt üs dur sin Wat, wo ufere Betonplattform im Meer stoht.
	Neui werded chum no gschlosse.
	dTrudi Gerster isch wie dGreta Thunberg gsi.
	dZiitig berüeft sich debii uf es Schriibe, wo en Chund vo de Bank end November becho het.
	Im Bundesgricht sUrteil zerfahre, seg es Highlight gsi, het de Binder im Gspröch mitem SRF gseit.
	Suscht zehled de US-Präsident i sinre Red dErfolg vo sinre Regierig uf.
	Im Zentrum stoht dFrog, wa dSchwiizer Behörde gwüsst hend.
	Wenn me mit Wüsseschaftler redt, seged die, dass mir swohl nöd schaffed.
	Fueter pflanzt er selber a, sin Hof isch ziemli gross noch bulgarische Massstäb.
	dAnita Brechbühl: I finds in Europa grundsätzlich nöd schwierig.
	Oder isch das en Mythos?
	Mitem Erfolg seg aber au Verantwortig vobunde, het dRytz in ihrer Aasproch betont.
	dWort vo de Summermönet Juli und August.
	Wie gönd sie demit um?
	Aber solang de Gsetzgeber nöd vorschriibt, dass me umweltfründlicheri Pyrotechniker neh mue, entscheidet immer de Priis.
	Aber abgschlosse sind dBerotige demit no lang nöd.
	Wa heisst extremi Armuet?
	Sisch scho e trägi Sach, dSchwiizer Politik.
	Bi Swisscom sind derwartige höcher als bi andere Abüter.
	"Machemer Industriepolitik über VBS nur für einigi grosse Dütschschwiizer Unternehme oder für alli Landesteil", frogt de Levrat.
	Und die isch im Alltag überall spürbar.
	Bundesröt treffed sowjetischi und russischi Minister.
	dFDP het de Marco De Col nominiert, dCVP und CSP hend de überparteilich ufgstellti CVP Ma Peter Krummenacher understützt.
	Es git vili anderi Lüüt und Persönlichkeite innerhalb vo de SVP, wo zum Zug cho werded.
	Die 36-jöhrigi Greta Gysin zieht is Parlament ii.
	Isch die Trennig vo dene beidne Ebene nöd problematisch?
	Mir hend viel mit votrauliche Dokument ztue.
	Da isch ihri dritt Kandidatur für de Ständerot.
	sGspröch het de Michael Sahli gführt.
	dKlimaschutzwuche d"Earth STrike" Demonstratione bilded sFinale vo de internationale Klimaschutzwuche "Week for Future".
	De Patrick Hofstetter, Klimaschutz-Experte bim WWF Schwiiz, isch aber enttüscht vo de Konferenz in Madrid.
	Für dSilvia Schneider und dClaudia Schrepfer stönd dChance uf Schadeersatz schlecht.
	Wie oft hend Sie mit ihre scho über dSchwiiz gredt?
	dKandidatur vom David Roth dörfti vorussichtlich nur Ussesiiterchance ha.
	So lönd sich Bruef, Studium und aktivi Politik besser veriibare.
	Ihre Vater heg das nöd so empfunde, seit de Milanovic.
	I denk, vor allem mir Junge hend jetzt gnueg vo de ewige Diskussione.
	sAmt isch öffentlich usgschribe gsi, wie de Bundesrot mitteilt het.
	sInterview het de Roger Steinemann gführt.
	Flexibli Priis: Am Mittag, wenn dSunne am stärchschte schiint, produziered Solaralage bispilswiis au viel Strom.
	Spöter wür me de Triibstofftransport noch Züri uf dSchiene volege welle.
	Mit de grosse ussepolitische Kelle cha de Eggenberger aber nöd arüehre.
	Duell CVP geg SVP Mehreri Politiker und e Politikerin wennd id Fuessstapfe vom abtretende Konrad Graber vo de CVP trete.
	De Vorsprung uf sabsolute Mehr isch denn au üsserscht knapp.
	Er isch gwählt worde, trotz de Defizit, wo ihm aglaschtet worde sind.
	Es isch mol e herzigs Meitli gsi, wo mit ihrere Mueter uf em Dorf glebt het.
	Ihri Grossmueter het ihre es rots Chäppli gschenkt, wo ihre so guet gstande isch, dass sie nüt anders meh het welle träge.
	So het jede dem Meitli "Rotchäppli" gseit.
	Eines Tages het ihre ihri Mueter gseit: "Rotchäppli, do isch e Stuck Chueche und e Fläsche Wii.
	Bring da de Grossmueter use.
	Si isch chrank und schwach, sie wird sich dra erfrische.
	Wennd use chunsch, gang sittsam und lauf nöd vom Weg ab.
	Susch gheisch und zerbrichsch dFläsche und di arm Grossmueter het nüt."
	sRotchäppli het gnickt und sich uf de Weg gmacht.
	Im Wald isch si uf de grosi bösi Wolf troffe.
	"Guete Tag Rotchäppli!" het de Wolf gseit.
	"Dankeschön!" hets Rotchäppli gantworted, will es het de Wolf no nöd kennt und nöd gwüsst, dass er sones böses Tier isch.
	De Wolf het gfrogt, wos Rotchäppli anegoht.
	Si het gantworted: " I bring minere Grossmuetter Wii und Chueche, will si isch ganz chrank und sie schenked ihre Chraft.
	"Guet!", het de Wolf sich denkt.
	"dGrossmuetter und sRotchäppli, die schnapp i mir beidi!"
	De Wolf het em Rotchäppli grote sich di wunderschöne Blume ringsume aazluege.
	sRotchäppli het sich umegluegt und denkt, dass frischi Blueme de Grossmueter sicher würed guet tue.
	sMeitli het ei schöni Blueme noch de andere gseh und so isch es immer wiiter vom Weg abcho und isch immer tüüfer in Wald gange.
	De Wolf isch zum Huus vo de Grossmuetter gloffe und het a de Türe klopft: "Grossmuetter, do ischs Rotchäppli!
	I bring dir Wii und Chueche, mach uf!"
	dGrossmuetter het gantwortet: "I bi zwschach ufzstoh, drugg afach uf dKlinke!"
	De bösi Wolf het dKlinke druckt, isch schnell zum Bett vo de Grossmueter gloffe und het si ufgesse.
	De Wolf het sich dChleider vo de Grossmuetter azoge, ihri Huube ufgsetzt, sich is Bett gleit und ufs Rotchäppli gwarted.
	Wos Rotchäppli am Huus vo de Grossmuetter acho isch, het si sich gwunderet dass dHuustüre offe gstande isch.
	"Dass ii di besser ghöre cha!"
	"Grossmuetter, wa hesch du für grossi Auge!"
	"Dass i di besser gseh cha!"
	Grossmueter, wa hesch du für es grosses Muul!"
	Wo de Wolf sin Appetit gstillt het, het er sich is Bett gleit isch iigschlofe und het luut aagfange zschnarche.
	Da het de Jäger ghört, woner am Huus vobii gange isch.
	"Wie di alt Frau scharcht", het er denkt.
	De Jäger isch is Huus gange, um nohzluege, ob ihre öpis fehlt und het gseh, wie de grossi bösi Wolf mit sim dicke Buch im Bett vo de Grossmueter schlofft.
	Wie lang i di scho gsuecht ha!" het de Jäger denkt und het sini Büchse agleit.
	Do isch ihm ufgfalle, dass de Wolf di arm Grossmuetter het chöne gfresse ha.
	Er het e Schär gnoh und het de dicki Buch vom Wolf ufgschnitte.
	Sofort het er sRotchäppli gseh.
	Noch es paar Schnitt het er chöne sMeitli befreie.
	"Ach, wieni voschrocke bi, wie dunkel es im Buch vom Wolf gsi isch!" het sRotchäppli gseit.
	Au dGrossmuetter het chöne usem Buuch vom Wolf gretted werde.
	De Jäger, sRotchäppli und dGrossmueter hend grossi Stei gholt und demit de Buuch vom Wolf gfüllt.
	Woner ufgwacht isch, het er wöle ufspringe, aber dStei i sim Buch sind so schwer gsi, dass er gad zemmegsunke und tot umgheit isch.
	De Jäger het sin Pelz abzoge und isch demit hei gange.
	dGrossmuetter het de Chueche ufgesse und de Wii trunke und het sich wieder erholt.
	sRotchäppli het denkt, dass sie nie wieder de Weg wött voloh, wo sie eigentlich söt goh.
	dLandwirtschaftsfläche prägeds sLandwirtschaftsbild vom Schwiizer Mittelland.
	Di gröschte Wälder vo de Schwiiz befindet sich im Tessin und im Jura.
	De Biber findet a de Alte Jone immer no gnüegend Platz zum Lebe, isch me bim Kanton Aargau überzügt.
	Bsunders, wenns im nöche Umkreis bereits wildi Orchidee git.
	Es fallt nur wenige Mensche uf, ob es paar Wölf oder es paar Schof meh oder weniger dur dGegend streifed.
	Elefante werded bis hüt wegem Elfebei und em Fleisch gwilderet.
	De glernti Gärtner cha über dForstpflanzezucht ad Forschigsaastalt.
	De Theo Schnider empfangt de Reto Scherrer mit Kläng vo sim Alphorn us Karbon.
	sWarnschild "Wildwechsel" zeigt wenig Wirkig.
	De Voglich, dass Tuusigi Schöf dur Umfäll umchömed, hett de Ruppe "pervers" gnennt.
	Wenn me weniger düngt, als dPflanze bruched, wachsed sie weniger.
	Sit vier Johr het dMona Vetsch en Schrebergarte.
	Rund vier Prozent vo de Mastchälber sterbed drum vorziitig.
	Und tatsächlich lönd sich immer meh Lüüt geg die vo Zecke übertreite Enzephalitis impfe.
	I sine Blüete finded Insekte bi Nässi Unterschlupf oder es Bett für dNacht.
	Allerdings sind dRöhre-Durchmesser für villi Bienliarte zgross.
	Bi de Vögel isches oft so: Die hässliche Arte hend en schöne Gsang und di schönere Arte en häslichere Gsang.
	Obwohl serschte Schwanepaar no imne us hütiger Sicht zimli enge Gheg gfange gsi isch.
	sFüür bedroht nöd nur Tier, sondern au Mensche und ihri Gsundheit.
	Zecke gits inzwüsche überall.
	Das exotische Reptil isch döt uf jede Fall i beschter Gsellschaft.
	"Si het de Begriff als abwertend empfunde" het ihri Tochter erchlärt.
	Zuedem treted sie oft i Schwärm uf.
	Breitblättrigs Knabechruut - Die Orchidee isch i de Schwiiz gschützt.
	E subers Bohrloch entstoht nur, wenn siitlich is Holz bohred wird.
	De Laubfrosch ghört zu de bekanntischte Amphibie vo Mitteleuropa und isch streng gschützt.
	Oft, seit er, brüchtet dBuure Mut dringender als Geld.
	Will nur e Chueh, wo es Chalb gebore het, cha Milch geh.
	Bsunders, wenn ihri Stängel über de Winter stoh glo werded, will de Distelfink frisst dSome.
	SGheimrezept: Wildblueme.
	De Bundesrot het 2017 im Rahme vo de nationale "Strategie Biodiversität Schwiiz" de "Aktionsplan Biodiversität" beschlosse.
	Aus Muggemonitoring sött 2019 hochgfahre und a einigi Stelle, wie in Thusis, Domat/Ems, Chur und Zizers erwiitered werde.
	De Aueschutzpark isch dur e Volksabstimmig 1993 entstande.
	De Hallwilersee isch eine vo de wenige Gwässer i de Schwiiz, wo di Europäisch Sumpfschildkröte no lebt.
	Uf e Begegnig mitem Wolf het er aber lang möse warte.
	Leided Chüeh und Chälber würkli so starch, wenn si vonenand ttrennt werded?
	Wo Obstbäum stönd, chönd regelmässig Gartevögel wie de Garterotschwanz oder de Specht beobachted werde.
	I de letschte Täg sind in Australie zwor Sturzfluete und risigi Hagelchörner vom Himmel gfalle.
	De Hans Bieri het sich 1996 als eine vo de erschte Schwiizer Wasserbüffel uf de Hof gholt.
	Allerdings sind gad Eukalyptus-Bäum a regelmässigi Füür aapasst.
	Si ghöred aber zu de Eidechse.
	Döt sinds geg Lungeentzündige gimpft worde und drü Wuche imne Einzeliglu ghalte worde.
	Doch de Vogel und au dKojote und Bäre blibed em rezente Leckerbiss fern.
	Wa macht für Sie de Reiz am Job vom Survival Trainer us?
	dHünd sind also de Vobindigspunkt gsi.
	Sini Büüti sind vor allem chlineri Wasservögel wie Ente.
	Es isch de Iistig ine Uusstellig, wo sich vielschichtig und breit mit em Thema Jagd i de Kunscht usenandersetzt.
	Sit 2015 lebed sie wild und ohni Zuetue vomne Imker.
	Wildbiene finded zwenig Nahrig, end es fehled ihne überlebenswichtigi Strukture wie Nistplätz.
	Neui invasivi Muschle sind demit scho früehziitig ufgspürt worde.
	45 Prozent vo de Feldvögel ide Schwiiz sind bedroht.
	Und wer sich traut, Brennessle im Topf zzieh, het e gueti Chance uf Tagpfaueeauge, Admiräl oder de chlii Fuchs.
	Wasserinsekte wie Ruggeschwimmer, Teichläufer und chlini Libellelarve siedled sich vo selber ah.
	Er het sich zumne iidrückliche Urwald vo de Tor vo de Stadt Züri entwicklet.
	Aber Buure sind nöd Naturgärtner.
	Us dem Grund sind dLandwirt befugt, dBiberdämm abzriise.
	hüt chani Fenschter und Türe offe loh, es chunt chum e Flüge ine.
	Honigfresser, wo unuffällig singed, aber e prächtigs rots Gfider hend.
	Under anderem nischted im Auried au immer wieder de selteni Kiebitz.
	De Mensch isch de Mugge also überhaupt nöd schutzlos usglifered.
	Giraffe gits sogar no dütlich weniger als Elefante.
	Do wird vowilderte Kirschlorbeer usme Wald entfernt.
	En knallgele Schmetterling flattered über dWiese.
	Die derus schlüpfende Raupe ernähred sich vo de Pflanze.
	Lehm und Some stönd am Openair Wollishofe bereit.
	Do gilt de Grundsatz, dass dPflanze au i de Schwiiz züchted worde isch und nöd usem Import stammed.
	E Million Arte sind zur Ziit vom Uussterbe bedroht.
	Im Nationalpark lebed under anderem Kängurus, Koalas und Ameiseigel.
	Au zahlriichi Blindgänger stecked no tüüf im Moor.
	Da, obwohl dChateu-d'Oex nur es chliises, vor allem bi Famile beliebts Skigebiet gsi isch.
	Wüsse über geeigneti Technike und de richtig Umgang mit Seil und Pickel.
	Obwohl de Summer vobii isch, zirped Grille und Heuschrecke um dWett.
	Igel in Gfohr.
	Uusbaggere wär de Tod vom Moor, entsprechend belasted isch de Bode.
	Im gliche Johr isch die erscht Clubhütte, dGrüenhornhütte am Tödi entstande.
	Zu unsicher isch dSchneesituation gsi und Kunschtschnee kei Option.
	Um dBiodiversität i de Schwiiz stohts nöd guet. Vil Tier- und Pflanzearte sind gföhrdet.
	En chliine Teil vo de Nahrig, wo Rabevögel is Nest träged, bestoht us Eier und junge Singvögel.
	So gits mehreri sogenannti Hexetier: schwarzi Chatze, Chröte, Üle, und ebe Rabe oder Chreie.
	E Portion entspricht debii zum Biispiel 2 Deziliter Milch oder 150-200 Gramm Joghurt.
	Die Arte sind gegenüber Trocheheit und Wärmi widerstandsfähiger.
	Für ganz grossi Meeressüüger sind die relativ chliine Aquarie ganz bestimmt problematisch.
	Lut de Bündner Jagdvorschrifte dörf en Jäger pro Johr acht Hase schüsse.
	Di 30 Quadratkilometer grossi Landwirtschaft chömmer nöd noch Naturschutz-Lehrbuech pflege.
	Also hend dKaufmanns es neus Wiiguet in Neuseeland und in Kanada gsuecht.
	Und schliesslich chunnt sWasser zrugg, wo vo de neu belebte Böde wieder gspeicheret werde cha.
	Gliichziitig spricht de Bricht über zu viel Nitrat im Bode.
	Die Pestizid sind e Gfohr für dArtevielfalt.
	De höchi Stickstoff- und Phosphorghalt loht Alge und Bakterie wachse, dur da sinkt de Suurstoffghalt.
	De Bricht seit aber au, dassme i de Schwiiz hervorragends Trinkwasser hend.
	Bsunders wertvoll für di einheimisch Tierwelt sind regionali Wildpflanze - also kei Zuchtforme.
	Je weniger Pflanzearte, desto weniger Tierarte  idem Lebesruum.
	Im Uftrag vom biologische Wiihandelsunternehme Delinat het er i de Provence es runturkommnigs Wiiguet zu neuem Lebe erweckt.
	dPermakultur wot allerdings vill meh si als e Abaumethode.
	Fascht en Viertel vo de globale Landwirtschaftsflächi isch so starch überbenutzt, dass dErträg döt gsunke sind.
	Si hend für ihri Wäge viel meh zzahlt als Benzin- und Dieselfahrer und fordered für sich nach wie vor Tempo 130 ii.
	Au cha si Schäde a Sunneblueme-, Erbsli- und Sojabohnekultur verursache.
	Je meh Vieh, desto höcher dEmissione.
	Für dEntsorgig gits professionell gführti Kompostieralage.
	sGliche Institut het erscht vor wenige Wuche Zahle vorgliche, wonoh sich dAbholzig vom Regewald rasant beschlünigt het.
	"I de Schwiiz gits nur no 3000 Bruutpaar" so de Frei.
	Vowilderet überwuchered de Summerflieder alles und zerstört so wertvolle Lebesruum.
	Torf wird us Hochmoor gunne.
	So ghört dGrundbesitzerin Isabella Brunwalder hüt nüme Traktore- und Töfflärm, sondern sQuake vo de Laubfrösch.
	Üsi Chüeh gend vill meh Milch als das, wone Chalb bruucht.
	Üle nutzed dBäum als gmeinsame Schlofplatz.
	Moorlandschafte sind i de Schwiiz under Druck.
	Bi starche Niederschläg chas passiere, dass Nährstoff ufgschwemmt werded und is Grundwasser groted.
	Indem er Bäch staut, tritt sWasser über dUfer und überschwemmt sAckerland.
	Statt zsprütze, chömmer Unchrut au mit spezielle Hackmaschine entferne.
	De Rohmilch am nöchschte chunnt nöd homogenisierti Bio-Frischmilch usem Lade am nöchschte.
	Sehr kalziumhaltig sind zum Biispiel Broggoli und vieli Chopfchohlarte.
	Zu de füf ghöred de Chrümmlisbach im Kanton Bern und Le Bainoz im Kanton Friburg.
	dErnti het de Buur als Strohersatz vowendet, wo sini Tiir druf lige chönd.
	No vor 10 Johr hend dWinzer im Baselbiet dNase grümpft, wenn me vom biologische Wiibau gredt het.
	Lönd sGäscht und sLaub also ruhig eifach mol lige.
	Dass sich Jungtier quasi im Chindergarte vosamled, isch au i de Natur so.
	sSchutzblech isch abgfalle.
	Als Erfolg globt wird dReaktivierig vo de traditionelle Streunutzig.
	Üsi Vosüech mit Mais zeiged, dass dErträg öpe glich höch sind.
	Übernachte ufem Biohof.
	Hüt gits sehr villi Wasserbüffel i de Region.
	dMigros und de Coop schaffed dra, dass er bald günstiger wird.
	So wird biispillswis ufem richtige Mähziitpunkt gachted und nur denn gmeiht, wenn dBiene nöd flüüged.
	Au Bio chunnt nöd ganz ohni Pestizid us.
	I de Alpe stossed dGletscher vor und bedrohed Höf und Dörfer.
	Di markant erhöhti Hüüfigkeit vo Tuberkulose seg mitem sozioökonomische Status und de Lebensbedingige i de Iirichtig vobunde.
	Bi ambulante Vosicherige für Atlernativ-Medizin und au für Brille- und Zahkorrektur het dKrankekasse sChind ufgnoh.
	Do chani em Rote Chrüüz öpis mitgeh.
	De Konsum vo Partydroge isch oft e Lotterie.
	Wie konkret dVorbereitige i de Kantön uf sCoronavirus usgseht isch unterschiedlich.
	Da lineare Ziitvoständnis, so dMarianne Haueter, seg au i de Geburtshilf normiert.
	Alles wame hend, sind indirekti Befund und die düüted druf hi, dass es si chönti, das es negativi Effekt geh chönti.
	Früehner isch de Pfarrer as Sterbebett cho.
	Drum seg er aktiv worde, zemme mit andere Institutione usem Bereich vo de anthroposophische Medizin.
	I de Schwiiz werded pro Johr 4000 Tonne Medikament entsorgt.
	300 Milliarde Zigarette werded uf de indonesische Insle jöhrlich vochauft.
	Mengi Zahnärzt schaffed grundsätzlich mit sterilem Wasser.
	Ohni Behandlig volauft sie, nochere meist längere Erchranking, oft tödlich.
	Die Hüüfig i de Schuel dürft ken Zuefall sii, seit de Daniel Koch vom Bundesamt für Gsundheit gegenüber em SRF.
	Untersuechige hend zeigt, dass selbst wenig Schadstoff i de Inneluft chrank gmacht hend.
	Ergänzend dezue sölled Spezialärzt Sprechstunde im Spitol aabüüte.
	"Da chame probiere", will bis etz gebs weder für de Arzt no für de Patient grossi Aareiz, uf Generika umzstiige.
	Wiisi Bluetkörperli werded emne Patient im Spitol entnoh un do im Labor mit ere neue genetische Information voseh.
	De Serge isch zwanzg johr lang drogenabhängig gsi, vili Johre devo vo Heroin, denn vo Methadon.
	Si het de Vorgang mitem psychologische Grund erchlärt, dass sie es Zittere bimne früehnere Empfang no möst verarbeite.
	Ihri Körper teil werded in China und Südostasie i de traditionelli Medizin gnutzt.
	E natürlichi Geburt cha duure - und da choschted.
	Es seg im Interesse vo de Wüsseschaft, wenn Methode vo de Komplementärmedizin wüsseschaftlich würed erforscht werde.
	Die zeiged, dass dUslastig vo de Pflegheim im Aargau bi 95 Prozent liit.
	Im Voglich zu Eier isches sDoplleti, bi Rindfleisch s 20-fache.
	dTuberkulose isch e dur huestendi Erchrankti über dRuumluft übertreibari Chrankheit.
	Binere saisonale Gripp im Winter sinds rund 1.2 bis 1.4 Persone.
	Me sött sicher di hygienische Vorgabe vo de Zahnarztstüehl iihalte.
	sGsundheitssystem werdi "sehr rasch a sini Grenze stosse".
	Aber worum volost dPharmafirma überhaupt Therapie?
	Die Person isch behandlet worde.
	Und dWirkig, wo de schier Glaube emne eigentlich nutzlose Placebo voleiht, weckt Erwartige.
	De 33-jöhrig schwebt nüme in Lebensgfohr.
	Woner ei Johr alt gsi isch, hetter anere Infektion mit Bakterie glitte, wo gege Antibiotika resistent gsi sind.
	Die Fremdbestimmig und die demit vobundene Schwankige zeiged, wie schwierig es isch, mit hochpräzise Planzahle zagiere.
	Ab 1963 isch dVowendig vo Radium vobote.
	Privatlüüt nutzed sHerbizid au für de Rase dihei.
	De typischi Masere Huutusschlag folgt erscht vier Täg spöter.
	dZahl a Todesfäll liit bim neue Virus vill tüüfer.
	vo Risikoschwangerschafte redt dMedizin bi Fraue abem Alter vo 35 Johr.
	Nochere Studie investiered armi Familie drü bis füfmol so viel i Zigarette wie id Bildig vo ihre chind.
	Si möcht zwei "Gsundheitsregione" schaffe, i dene Ärzt, Spitex, Pflegeheim und Spitöler zemmeschaffed.
	De Milan Scheidegger het Medizin, Neurowüsseschafte und Philosophie gstudiert.
	De Da Vinci het druus öpis Neus gformt.
	I Los Angeles würed Jugendlichi im Durchschnitt vier Alkoholwerbige am Tag gseh.
	"Anders wür me das gar nöd schaffe" seit e Pflegefachfrau.
	"dFraue bruche meh Ziit für dGeburt", betont di erfahreni Hebamme.
	bi insgesamt 25'000 CT- Untersuechige isch es am Kantonsspitol Bade letschts Johr zu 3 Vowechslige cho.
	De Check büüted au dMöglichkeit zur Früeherchennig.
	De Herbert Kappauf warnt vor volockende Allmachtsfantasie.
	Aber entspricht das gueti image vom Kondom au em Verhalte bim Sex?
	Dezue het bis vor churzem dForschig über de Suurstoffmangel im Körper, Hypoxie gnannt, zehlt.
	Wie wichtig es isch, uf dSignal, wo de Körper sendet zlose.
	Vorem Burn-out seg sin Alkoholkonsum massvol gsi: s"typische Fiirobigbier".
	Für Mensche, wo sich de Umgang mit sötigne Profi-Maske nöd gwohnt sind, chönted sie sogar e zuesätzlichs Risiko darstelle.
	Wo noch einige täg e Voschlechterig vo sim Zuestand iitrette isch, heg de Arzt ihn id Praxis bstellt.
	Es seg kei Mutation beobachted worde, wane gueti Nochricht isch.
	Sie het für 10'000 Franke Stammzelle vo ihrne drü Chind in Genf bi Cryo-Save für dZuekunft iilagere loh.
	sBundesamt für Gsundheit schlüüst aber nöd us, dass au i de Schwiiz Fäll uftreted.
	Maserfäll geh, wo uf Maserusbrüch im Usland zrugggange sind.
	Nackti Brüst, unverhüllti Penis, kopulierendi Paar gits zuhauf.
	sit 2010 vofüegt er in Genf über e Bruefsusüebigsbewilligung.
	Abklärt werde chöni e möglichi Infektion dur en Abstrich usem Nase-Rache-Ruum.
	"dPriorität isch etzt, Tests direkt im Tessin durezfüehre." Mir wend au di bestehend Hotline vostärche, seit de Strupler.
	De passionierti Hobby Biker het en johrelange Liidensweg hinder sich.
	I ihrere Mediemitteilig reded Si au dNeubauprojekt vom Kantonsspitol Aarau aa.
	Es wird klar, dass er bald nur no mit künstliche Beatmig wird lebe chöne.
	En gnaue Pfad vom Hurrikan loht sich aber nöd vorhersege.
	Schriftlich lönd sie mitteile, me stöchi i engem Uustusch mitem Bundesamt für Gsundheit.
	Wa bim Lache jedoch ganz gnau im Körper passiert, vostönd Forschendi no nöd.
	Noch de Identifikation per Fingerabdruck heissts Warte, bis dNummere ufgruefe wird.
	I de Schwiiz isch nur jedes 5. voschidene Medikament es Generikum.
	Gfeilt vo Krise isch niemer.
	Scho i wenige Johre chönts aber während de Operation virtuell über em Patient schwebe.
	Demit sölled unnötigi Tests und Behandlige vomide werde.
	Aber schwangeri Fraue sötted Depakine nöd neh, will es führt zu Geburtsschäde bim Ungeborene.
	En Grund defür isch di immer älteri Bevölkerig.
	Isch dGsundheit vo de Bevölkerig gwährleischtet?
	Bereits während de Ebola-Krise het sBAG Zugang zum EU-Warnsystem EWRS becho.
	Im Summer 2018 het me aber no nöd gwüsst, wele Stoff me do gfunde het.
	Dass Pfefferminz, Ringelblueme oder Lavendel bi gwüsse Beschwerde helfe chönti isch bekannt.
	Hüt gilt da no nöd, will di hüt geltende Grenzwert iighalte werded.
	Au Laserpointer sind vo de Verordnig betroffe.
	Sinere Ziit vorus zuedem het de Leonardo Liiche seziert, um anatomisch gnau zeichne zchönne.
	Sit 2018 müend Spitöler sötigi Vowechslige em Bundesamt für Gsundheit melde.
	Um zvomide, dass vilicht einzelni Meldige oder Warnhiiwis im Gspröch mit de Patientinne versandet sind.
	Am Schluss hend sie sich geg sImpfe entschide - us Angst vor Nebewirkige und Langziitschäde.
	Es wür wiiterhin e "moderats Risiko" für dBevölkerig bestoh.
	Nebed Gsundheitsvosorgig spreched sie Theme wie Mobilität, öffentlichi Sicherheit, Wohne und so wiiter ah.
	dSpur het zumne Fisch- und Meeresfrüchte-Markt i de Stadt, wo inzwüsche gschlosse isch gführt.
	Si isch uf vier Johr agleit und wird jöhrlich mit 115'000 Franke unterstützt.
	Au under de jüngste Maserfäll i de Schwiiz seged iigschleppti Erreger.
	Für MRI Untersuechige wird meistens es Kontrastmittel gsprützt.
	Für es Lunge-Röntge lit sie biispilswiis zwüsched 0.1 und 0.8 Milisievert.
	Will Tumor oder Entzündigsherd gsend dRadiologe meischtens nur mit Kontrastmittel.
	I zwölf Johr wirds rund 26 Prozent meh Mensche geh, wo a Diabetes Typ 2 liided.
	Si chönd im Arm, im Bei, im  Gsicht oder im Muul uftrete und vo Chopfschmerze und Sprochproblem begleitet sii.
	Mangelwar Organ: De bitteri Kampf um Herz und Niere.
	Abnormi uterini Bluetige und Endometrium im Ultraschall.
	Swort "Lemon Tree" heg er gwählt, wills guet tönt.
	Innerhalb vo einere Wuche hend ihn e Million Hörer abeglade, er het ufem dritte Platz vo de Ranglischte vo Apple gschosse.
	Blockchain isch e wichtigi Technologie, wos üs ermögliched e gross agleiti verteilti Datebank ufzbaue.
	En Bauarbeiter het wölle mitme Biitrag uf Facebook über Missständ uf de Baustell in Basel zinformiere.
	Höchi Frequenze chönd blechig würke, de Equalizer schafft biz Abhilf.
	Um dSoftware brucht me sich au ke Sorge zmache.
	Allerdings hets Unternehme scho bis etz Cookies blockiert.
	Da Update unternimmt mehreri wichtigi Schritt.
	Einigi asiatische Fabrike sind nöd i de Lag gsi Smartphones herzstelle.
	Karrierestart zwüsched Hightech und Tradition.
	Wa isch fake?
	Sogenannti Deepfakes macheds inzwüsche sogar mögli, Gsichter oder Wortschnipsel i Videos unbemerkt usztusche.
	Di ursprünglich Quelle chane beliebigi Red vomne Politiker oder es Interview si.
	Mir vomuetet dFahrleistige hend vor allem bi de Benutzig vom Touchscreen dütlich nohloh.
	I de Afangsziit isch dAbgrenzig geg Homebanking nöd dütlich gsi.
	dAdresse vonere Websiite cha als Lesezeiche gspeichered werde.
	De Markt für Games isch inzwüsche grösser als de vo Musig und Film zemmegnoh.
	Aliens sind uf de Erde gsi, um Mensche zrette.
	Für Bluetooth-Chopfhörer en überus guete Wert.
	Google isch üsi letscht Hoffnig gsi.
	De Sunrise-Präsident het nöd sölle zruggtrete.
	Was hets mit dem Quante-Computing uf sich, und wieso isch es so wichtig?
	Jo, es chunt zu Unregelmässigkeite ufem Bitcoin-Markt.
	sFrauehofer-Institut für Experimentells Software Engineering i Kaiserslautern erforscht das zur Ziit.
	Do setzt dStiftig mitme flankierende Projekt namens Common Voice aa.
	Gsichtsmaske us dem Online Shop werded nöd glifered.
	Da het dDaily Mail scho im August 2015 brichted.
	dWall Street stoht under Füür.
	Di erscht Sorg vo de Brite gilt aber de Queen Elizabeth.
	Wiiterhin findet Deep Learning erfolgriich Awendig i de Fahrzügkonstruktion.
	Somit empfehled sich dSamsung Galaxy Buds für jede Musikfan, wo a dere Stell maximali Leistig erwarted.
	Schad, dass au damol kei aktivs Noise Cancelling integriert worde isch.
	Da verstossi geg dPlay Store Richtlinie, wo irrefüehrendi und schädlichi Behauptige untersäged.
	Do helfed Cloud Dienst, wo usserdem als automatischs Backup fungiered.
	Di zuehnehmend Azahl vo Home-Office-Arbeiter belastet au di entsprechende Firmenetzwerch.
	Video-Conferencing boomt.
	Im nöchschte Johr sött Hand-Tracking dezuecho.
	Hüt gohts mir um en intuitivere Umgang i virtuelle oder Mixed Reality Umgebige.
	Genau die Accounts hets Wahlkampfteam vo Bloomberg gezielt is Visier gnoh.
	Drüber dürft sich de Donald Trump massiv ärgere
	De Michael Jackson isch mehrfach vo bildende Künstler dargstellt worde
	Amazon wott Quantum Computing salonfähig mache.
	Deep Speech cha als sogenannti Sproch zu Text Engine Gsprochnigs in Echtziit in Text konvertiere.
	Keyhole, wo di technische Grundlage für Google Earth mitbrocht het.
	2016 het dSelbstmordkommandotruppe Suicide Squad mit em Joker sLiecht vo de Welt erblickt.
	sContent Delivery Network wött sabelade vo Videospiel während de Spitzeziite volangsame.
	Ellei am vogangene Sunntig hend meh als e halbi Million Mensche dZoom Smartphone App abeglade.
	Am Friitigmorge het sSpitol sini Computer agfange uszschalte.
	Drü Faktore spieled für echts Teamwork en entscheidendi Role:
	Di gröschte Städt vo de USA sind new York, Los Angeles und Chicago.
	Noch Tokyo sind Yokohama und Osaka di gröschte Städt vo Japan.
	Paris isch dHauptstadt vo Frankriich.
	Di gröschte Städt vo England sind London, Birmingham und Manchester.
	Barcelona isch di zweitgröschti Stadt vo Spanie.
	Di internationail Ruumstation is sgröschte künschtliche Objekt im Erdorbit.
	dAntarktis umfasst die um de Südpol glegene Land- und Meeresgebiet.
	De Erdmond isch de füftgröschti Mond i üsem Sunnesystem.
	De Mars wird au als de "roti Planet" bezeichnet.
	Em Pluto isch dRolle als Planet aberkannt worde.
	De Merkur isch de Sunne am nöchschte.
	dVenus liit zwüsched em Merkur und de Erde.
	dErde gilt als de "blaui Planet".
	De Jupiter isch de gröschti Planet vom Sunnesystem.
	De Uranus isch de sibti Planet i üsem Sunnesystem.
	De Neptun isch de Planet, wo am wiitischte vo de Sunne entfernt isch.
	En Flug zwüsched Amerika und Europa isch en Transatlantikflug.
	Sie isch en Allesfresser, wo sich vo Insekte, chliine Wirbeltier und Frücht ernährt.
	Somit münd alli Teilziel konjunktiv erfüllt si ums Hauptziel zerfülle.
	Mannschaft integriert.
	dZuschauer hend jetzt no eimol dWahl.
	En sehr guet erhaltene Drachechopf isch im Kastell Niederbieber gfunde worde.
	Inere wiitere Ehe het sie no e Tochter gha.
	Fleisch isch ufem Tisch vo de eifache Bürger e Selteheit gsi.
	En Jäger het wölle sTier erschüüse, aber er het de Hirsch vofehlt.
	Spieler i de kooperative Spieltheorie hend degege Uszahlige erhalte, wo uf zwei Pfiiler beruehed.
	Si wird für füf Johr erteilt und mues denn wiederholt werde.
	Ihri taxonomisch Stellig isch aber unklar.
	De Ort het sin Ursprung i de Antike.
	sProjekt isch i de Zwüscheziit iigstellt worde.
	Nationale Kongress in Bern uf di gsamt dütschsprochigi Schwiiz usgwiited.
	Oft chönd dExperiment denn sogar nützlich sii.
	De Kneipp isch scho sit Johre lungechrank und het sis Studium ständig möse unterbreche.
	Nebed em eigentliche Studium dient sie au de Wiiterbildig vo Stüürbeamte.
	sCover isch vom Markus Mayer entworfe und zeichnet worde.
	Er het das uf en Aruefbeantworter ufgnoh.
	Direkt am Stausee ischen Campingplatz.
	Usserdem het er a de Kampagne "Üsi Elf gege Rassismus" teilgnoh.
	Nebed de Schanze het me au e Gondelbahn bbaut.
	dRebsorte het en starche Wuchs und riift Endi August bis Afang September.
	Si ermöglicht usserdem e Vorhersag vom kommende Wetter.
	Er isch vohüroted und het es Chind.
	De Prozess het mehreri Täg duured.
	Sie redt usserdem flüssend Hochchinesisch, Japanisch, Englisch und Koreanisch.
	Silber isch immer tüürer worde, Gold immer billiger.
	En Antwort isch nöd bekannt worde.
	De Liedtext bestoht us vier Strophe und emne Refrain zu je vier Zile.
	Sehr spannend isch sSpiel i de Schlussminute worde.
	nebed de Personebeförderig het au en Güetervochehr stattgfunde.
	Bliebts Ziel isch de Stockberg.
	Wiiteri Vorussetzige sind en Schutz vor direkte Witterigsiiflüss wie Nässi und Zugluft.
	dAtlantis wür denn zu de Startalag fahre und normal starte.
	dDienstziit i de Kontinentalarmee isch drum uf nur eis Johr festgsetzt worde.
	I dere Ziit isch au sberüehmtischte Bauwerch vom Dorf erbaut worde, de Haller-Wiicheller.
	Die isch erfüllendi Gmeind für Schönstedt worde.
	Jedi nöd absolut notwendigi Iiflussnahm ufs Lebe vo de Mensche isch vopönt.
	sAbfüre vo Ragete erfolgt über dSiiteflächi vom Fahrzüg.
	Da isch zur Wiederherstellig vo de natürliche Vohältnis im State Park vor de europäische Besiedlig passiert.
	Bi de Beleihig vo Wohnigseigetum isch zuesätzlich e beglaubigti Abschrift vo de Teiligserchlärig erforderlich.
	Si isch e Inspirationsquelle für hütigi Stadtplaner.
	Im erschte Weltchrieg isch dOrtschaft evakuiert worde.
	Als Studierot am humanistische Gymnasium het er Religion und Hebräisch unterrichted.
	Aber es isch anders cho: "Nei!"
	I Gegerichtig isch aber e durchgehendi Leitplanke installiert worde.
	Debii gohts um Erfahrige und Froge, wo mit de monastische Lebensform vobunde sind.
	Lebensjohr sött er noch päpstliche Bestimmig de Titel "Administrator" trege.
	Weltbekannt isch de Goldblatt dur sini experimentelli Forschigsarbeite ufem Gebiet vom Bluethochdruck worde.
	Vor allem het er sich aber en Name als Spezialist für Neui Musig gmacht.
	E Ziit lang het er E-Gitarre gspilt, het sis Interesse schliesslich aber de Akustikgitarre zuegwendet.
	De Ort isch hüt no vo de dütschstämmige Iiwanderer prägt.
	Noch em Abitur het er dBerliner Fritz-Kirchhoff-Schauspielschuel bsuecht.
	Di alt Tradition het im Sinn di böse Geister zvotribe.
	Wenn gnau dFlagge zum erste mol isch ghisst worde, loht sich nüme feststelle.
	En Usleih-Bstellig mues für de Endchund trotz Rückvosand-Choste billiger sii als dAaschaffig.
	Ab dem Ziitpunkt het dBevölkerig kontinuierlich abgnoh.
	De Zuegang het en öpe zwölf Meter höche, tonnegwölbte Torturm gwährt.
	Bi dere Glegeheit het er sim Fürstetum zum erste mol e Vofassig geh.
	Debii sind dLeistige vom Vorjohr usschlaggebend.
	Noch zwei olympische Medaillie und zwei Weltmeistertitel het de Güldepfennig denn sini Laufbahn beendet.
	De Jänner im Amt gsi isch.
	Die Volksbrüch sind europawiit vobreitet.
	Denebed het sie de füfti Platz im Rieseslalom und de sechsti Platz im Super-G beleit.
	Insgesamt sechs Amtsinhaber vo zwei parteie hend sither da Amt inne gha.
	Hüt zeigt de Burgstall no de Burghügel und Wassergräbe.
	Offeni oder unbeschränkti Intervall sind nöd zuegloh.
	Si isch a de Bibliothek als Referentin für Anthropologie, Naturwüsseschaft, Mathematik und Medizin tätig.
	De Begriff entstammt em Bankwese.
	Drum sind di letzte Tracks nüme zum Remixe freigeh.
	DGrenze vom Übersetzigsplatz isch unmittelbar am nördliche Fuess vom Berg voloffe.
	dIirichtig vom Nohvochehr het kei Rolle chöne spiele.
	sRückspiel isch zwor gwunne worde, aber Arsenal isch weg de Tordifferenz usgschide.
	De Vorschlag isch vo de rumänische Elite unterstützt worde.
	De Landchreis liit im Südoste vo de Provinz.
	de Vater vo de Isabel stammt us Ghana und liefered de Gschicht de wichtig afrikanisch Handligsstrang.
	Zuedem kooperiered Fachreferente für alli Fächer mit de Lehrstüehl, Institut, Fakultäte und Fachbibliotheke.
	De Sag noh isch früehner do es Schofhof gstande.
	Sit denn isch de Ort selbstständig.
	Trotzdem isch au no en Wohnflügel aabaut.
	I de erste Schueljohr hend alli Chind uszeichneti Leistige zeigt.
	au i de Bahn oder uf de Strosse isch niemert meh sicher gsi.
	Er chehrt id Stadt zrugg um sBöse erneut zbekämpfe.
	Die Aklag het uf Volksvohetzig und Vobreitig vo Propagandamaterial vo verfassigsfeindliche Organisatione gluuted.
	Si entspricht de Aazahl vo de im Computer erschinende Laufwerk.
	Sini eigete Ufnahe hend sich sit de Mitti vo de sechzger Johr dütlich vom Blues entfernt.
	Si liit debii nur wenigi Kilometer nördlich vom Polarkreis.
	De Bahnhof het drü durchgehendi Gleis und eis Ladegleis gha.
	Beidi Näme sind spöter uf di beide sich allmählich bildende Quartier überegange.
	Si hend nebed anderem Chlivieh hüfig au Geisse, wo si uf de Allmend gweidet hend, ghalte.
	Die Art ghört zu de sklavehaltende Ameise.
	dFinanzierig vom Agebot erfolgt dur Sponsore und Bannerwerbig.
	So chönd dFisch ohni Angscht durs ganze Meer schwümme.
	Sini Komposition sött anderi, weniger populäri Komponischte dezu animiere, a dere Etablierig mitzwirke.
	dSendig het jewils eis Thema, zudem dHörer chönd alüte und diskutiere.
	Er möcht sich dWelt aaluege.
	de Öpfel cha vilsiitig iigsetzt werde.
	Zentrifugiert und gfiltered bechunt me de klar Öpfelsaft.
	dProvinz isch sweltwiit grösste Abaugebiet für Aprikose.
	Usserdem gits viel Plantage mit Öpfelsine, Zitrone und Mandarinli.
	Usserdem het dStadt di höchscht Arbetslosequote im ganze Land.
	dIiwohner schaffed hauptsächlich i de Landwirtschaft, i de Holzwirtschaft und im Handwerch.
	Zweitstärchschti Partei isch di Sozialdemokratisch Arbeiterpartei vo Dütschöstrich.
	Usserdem wird dBedütig i de Bundesrepublik vo Dütschland dargstellt.
	Au emne ufdringliche Ziitgnosse, seit er endli mol dMeinig.
	Dänn sött de Thor e Chatz vom Bode lupfe.
	I sött immer uf ihn ufpasse.
	Sie töted und fressed ihri Büüti, idem sie entweder ihre Panzer ufbohred oder ufschniided.
	Etlichi Täg hend dDivisione praktisch vo de Hand im Muul glebt und improvisiert.
	Erscht wenn de Dampfdruck de Wasserdruck überstiigt, stiiged einzelni Dampfblose de engi Kanal ufe.
	I dem Augeblick mues dPapierbahn stillstoh.
	Erkennigsmerkmol isch dUsbuchtig a de Front vo de Motorhuube, unter wele de Ladeluftchüehler sitzt.
	dHalbfinal sind im Hin- und Rückspiel, sFinal i eim Spiel uustreit worde.
	Vo döt us isches wiiter ufwärts gange.
	Me cha sich usmole, dass so dEnergiechöschte vo de Bevölkerig unnötig höch sind.
	Di erschte Modell hend en Rahme us Messing gha, sind aber spöter uf Stahl umgstellt worde.
	Uf das abe het er sich zum König usrüefe loh.
	Dur das hend sich dZugtier chöne usrueh.
	Si speichered au wiisi Bluetkörper und Bluetplättli, wo sie usschütte cha.
	De Abakus isch mit Maske voziert, wo Rankwert uusspucked.
	I dem Ziitrum het di französisch Regierig sini Uuswiisig erwirkt.
	Es het möse über sini Uswiisig entschide werde und de Seifert dodezue aglost werde.
	dOffizier zwinged ihn, sich nackt uszzieh.
	Noch sinere Promotion heter bald agfange, sich em Automobilrennsport zuezwende.
	Druf isch als Ordenszeiche en Axt i Karminrot gstickt gsi.
	Er het chöne mit sim Dämpfer en Prediger au nohmache wien e schreiends Baby.
	Sin Vater Daniel Schmelzer isch Bäcker und Bürger vo Scheibbs gsi.
	Am Franz Bernhard sin Vater isch Bäckermeister gsi und Landwirt im Böhmerwald.
	De Bahnhof isch immer meh vofalle; zwüsched de ungnutzte Bahnstig sind sogar Bäum gwachse.
	En anderi Variation mit vom Baiser bedeckts Iis ischs Omelette surprise
	E wiiteri Philosophie vo de Rot-wiise ischs direkte wiiterspile vom Ball.
	Im Früehlig wachst am Hang vom Berg Bärlauch.
	Zemme mit em Wegner fangt de Rico a e Puppe bastle, wo wie dRegine söt usgseh.
	dChind lerned singe, tanze, bastle, mole etc.
	Er isch Mitbegründer gsi vom Lettische Buurevoband.
	sChind het überlebt, dFrau isch spöter vomuetli anre Buchfellentzündig gstorbe.
	Da bewirkt dVochlebig zwüsched Estrich und keramische Bechleidig.
	Buch- und Ruggelinie sind öpe glich lang, ebeso Rugge- und Afterflosse.
	Dur di motorisch Wirkig chas zu chrampfartige Buchschmerze cho.
	Die Massnahm zur Vobesserig vo de Ernährigslag isch uf Widerstand vo de Buure-Lobby gstosse.
	Estrich uf Trennschicht sind nöd chraftschlüssig mit em trägende Untergrund vobunde.
	Es werded Baumwulle, Getreide, Wii und Obst aabaut und au Viehzucht betribe.
	Usserdem het er möse sSchüsspulver usteile und sUushalte vo Erz beufsichtige.
	En dütsche Offizier, wo sSchaffe beufsichtige sött, fangt demit ah, dNorweger zprovoziere.
	De Überlebende wird sehr schnell di unheimlich, bedrückend Situation klar.
	Si isch zur Zuefluchtsstätt für i dütsche und europäische Länder bedruckti Gläubigi worde.
	dKoshi-Schlucht am glichnamige Fluss Koshi isch beidruckend.
	De Agrifer cha behaupte, di gfälscht Variante seg statt de originale Variante signiert worde.
	Biigsetzt isch er i de Schwiiz.
	dBei sind au rotgel, nur dTarse sind dunkel.
	Bekannter ischer aber mittlerwile als Theaterautor.
	De Nullpunkt fangt am Schluss vo de Gschicht ah Pünkt zbecho.
	Im gliche Johr het er als Biigordnete in Butt sis erschte politische Amt wohrgnoh.
	Sin Spitzname "Soldatekönig" het er sich erworbe, woner di schlagchräftig preussisch Armee ufbaut het.
	Bekannter dörfted Sie hingege in Argentinie sii.
	Usserdem isch es schwierig und tüür gsi, Ersatzteil für dMaschine zbecho.
	Hüt lebed no es paar hundert Tongva i Kalifornie.
	Debii wird vosuecht, voschideni markanti Grüch zunterscheide und zbenenne.
	Erscht vo do het me chöne bequem sMittelmeer erreiche.
	Also het ers usgnützt, dass Apotheker di ganz Nacht münd bereit si.
	dChind bereued druf abe ihres Vohalte.
	Noch de Schlacht am wisse Berg hend Benjamins ihren Bsitz volore.
	dFlangge vo beidne Räder berüehred sich nur punktförmig.
	Demit het er bsunders wele di innerparteiliche Gegner beschwichtige.
	Si beschuldiget wahllos Gmeindmitglieder mitem Tüüfel im Bund zstoh.
	So wird sichergstellt, das sStromnetz oder de Umrichter anöchernd nur Wirkleistig bereitstelle mue.
	Debii ischs im glunge, di rebellische Barön zspalte und nochenand zbesiege.
	dVera Brühni het sich massiv i Widersprüch vowicklet und au vosuecht Züüge zbesteche.
	dMaria wird betäubt und zur Baustell gfahre.
	I de Chille wird e Spend erbette.
	Die Männer betrachtet Fraue nur vo de Perspektive vomne Tier.
	Es mues sich debii nöd um en Betrug im juristische Sinn handle.
	Er chönt nie en Mensch betrüge oder voletze.
	dLinde isch bis i mehreri Meter Höchi mit Chnolle, Büüle und Wucherige übersät.
	Ihre jüngeri Brüeder isch de Autor, Literaturkritiker und Journalischt Anton Bettelheim.
	Si isch dEnkelin vo de Bettina und em Achim von Arnim.
	Als Reschtliechtvostärcher hend sich wiisi Bettlake bewährt, wo i Fallrichtig vo de Aal uusglegt werdet.
	Es git sogar Bericht, noch dene si mängisch Bienestöck betreted.
	Zuedem gits döt au no Mischige mit Cola oder Zitronelimonade.
	Innerhalb vo churze Ziit schwelled di betroffene Stelle a, werded heiss, rot und wörfed Blose.
	Professionelli Agenture schaffed hütsetags bi Bedarf immer no mit Papier und Bleistift.
	De abwehrspiler Beier isch blitzschnell vorgstosse und hets per Chopfball beendet.
	Grund defür sind dText vo de Lieder gsi, wo lut Petrozza "völlige Blödsinn" gsi sind.
	Es isch allerdings nur es Zwüschehöch.
	Hüt Nacht bringt e Störig do und döt Rege, au am nöchschte Morge chas vereinzelt Tropfe geh.
	Zäher sind dWolke nur zum Teil i de Berge vo de Zentral- und Ostschwiiz und in Nordbünde.
	Susch isches denn morn wieder troche.
	dTemperature gönd im Norde es biz zrugg.
	Richtig warm isches wiiterhin im Tessin mit achtzeh Grad.
	Mir hend es Hochdruckgebiet, wo au bi üs wirkt, aber au im Mittelmeerruum.
	Während dStörige wiiterhin im Norde dureziehnd.
	En grosse Teil drum vo Mittel- und Südeuropa sunnigs und trochnigs Wetter.
	Dezu zerscht zum Teil Wolke, wo aber vo Weste her denn uflockered.
	De Mäntig dänn i de meischte Regione vo de Schwiiz sunnig.
	Am Zischtig chömmed denn langsam im Norde meh Wolke ine und die bringed vomuetli denn am Mittwuch en erschte Rege.
	Und im Mittellland hemmer zum Teil einigi Nebelfelder.
	Im Moment erreicht üs e Front, sie bringt zum Teil e biz Rege i de Nacht und böigi Westwind.
	Es hebt au no biz in Donschtig ine.
	Und am Wuchenend gits dänn au en Temperatursturz.
	I de nördliche Hälfti vo Europa sind Regewolke unterwegs, do isch me i dem Westwindwetter dinne.
	Südwestlich vo üs, do wirkt no e schwachs Hochdruckgebiet.
	Susch en ziemlich sunnige Tag, über wiiti Strecke.
	I de höchere Alpetäler wirds biz frischer.
	Am Samstig wirds immer chälter, und bis am obig gits denn Flocke bis is Flachland.
	Es git au morn öpe zwölf bis füfzeh Grad.
	Uf de Samstig gheit denn nämlich dSchneefallgrenze am Morge scho es biz under tuusig Meter.
	Am Obig gits denn erschti nassi Schneeflocke im Flachland.
	Und am Sunntig gits einzelni Schneegstöber bis an Rhii oder zum Teil au Genfersee.
	Mir hend jetzt e chräftigi Nordwestströmig, wo do Störige jetzt bis in Mittelmeerruum inebringed.
	sHöch erstreckt sich vom Atlantik quer über de Kontinent bis noch Osteuropa.
	Denn ziehnd vo Weste her meh und meh Schleierwolke uf.
	Döt gits am Mittwuch und Donnschtig insgesamt öpe zwanzg bis vierzg Zentimeter Neuschnee.
	dHöchschtwert im Tessin liged bi elf Grad.
	am Samstig morge biz fründlicher, nocher tuets zue, es chunnt zum regne und schneie.
	I de Berge gits dezue Orkanböe vo hundertzwanzg bis hundertsechzg Kilometer pro Stund.
	Morn schint dSunne über em Berneroberland.
	Es isch mit Frost bi Minus zeh Grad zrechne.
	Am Morge hemmer Nebel über Basel.
	Das schöne Wetter hemmer em Südföhn zvodanke.
	Über Genf und Basel wird dBise wieder schwächer, dChälti blibt aber no.
	E biz chüehler wirds über sWuchenend, es isch mit Temperature underem Gfrürpunkt zrechne.
	Spöter i dere Wuche sötts in Thun schneie.
	dHitzewelle erreicht Züri spötistens am Friitig.
	Au über de britische Insle drizeh bis vierzeh Grad.
	I wünsch Ihne en schöne Obig.
	Gueten Obig, Willkomme bim Meteo.
	Morge früeh schiint dSunne am Obig ziehnd Gwiiter uf.
	Mir hend wieder Nebel überem Mittelland, dOberbgrenze liit bi siebehundert Meter.
	Am Mäntig hets zwüschedure Wolke wo dSunne mol abdämpfe chönd.
	Am meischte Wolke hets denn schlussendlich im Tessin und Graubünde.
	In Luzern hemmer am Zischtig Morge Hochnebel.
	Ab Mittwuch isch dWetterlag no biz unklar.
	Es schiint mehrheitlich troche zblibe, .
	Am Nomi bilded sich es Hochdruckgebiet über Europa.
	Im Norde bringt es Tüfdruckgebiet schlechts Wetter.
	Chalt im Oste und warm im Weste das dWettervorussag für de Samstig Nomi.
	Troche bliibts au über sWuchenend mit Höchschttemperature vo bis zu achtezwanzg Grad.
	I de Nacht gheited dTemperature under drizeh Grad.
	Mir hend di dritt tropischi Nacht in Folg.
	Immer no kei bessers Wetter in Uussicht.
	De Summer bliibt heiss.
	Mir erwarted en chalte Winter.
	Am Wuchenendi macht sich de Früehlig bemerkbar.
	En stürmische Herbst bringt viel Gwitter und chalti Luft.
	Es wird sunnig, dBewölkig im Oste lockered uf
	De Trend für de Friitig düüted uf e nöchschti Front.
	Blaue Himmel über Lausanne mit warme Temperature vo bis zu sechzeh Grad Celsius.
	Di letschte Täg sind recht chüehl gsi.
	Zwüscheddure chas au trochni Abschnitt geh.
	Im Nordoste isches meischtens troche, mängisch au sunnig.
	E Regefront über dSchwiiz beschäftigt üs mit Rege.
	Mängisch isches nass, am hüfigschte im Nordoste und am Alpenordhang.
	I de nöchschte Täg bliibts i de tüüfere Lage chalt, i de Berge hingege wirds wärmer.
	Es isch optimals Bergwetter, viel sunneschii und ebe wolkelos.
	dLawinegfohr im ganze Alperuum no erheblich.
	Susch hemmer punkto Wetter kei grossi Änderige.
	Über em Nebel, aber au i de nebelfreie Gebiet sehr sunnig, wolkelos, blaue Himmel.
	Jo und vo de Temperature her, es bliibt iisig chalt in Fribourg.
	Morn allerdings heizt in Zug denn doch dAprilsune wider ii.
	Dezue gits im Süde villicht es paar Quellwolke au über de Berge, aber die bliibed harmlos.
	Es paar chlini Schönwetterwölkli i de Talschafte.
	Grad so am spötere Morge, früehnere Nomi chas durchus zum Teil es paar Regetropfe geh.
	Aber di dickschte Wolke ziehnd denn au meh und meh weg.
	Im Wallis gits es paar grösseri Wolkelugge.
	Am sunnigschte isch es morn aber definitiv Richtig Chur.
	SHoch volagered sich meh und meh in Richtig Balkan.
	Somit isch de Weg frei für Fronte vom Atlantik.
	Vor allem Westeuropa und Nordeuropa isch devo betroffe.
	Und summerlich isch es eigentli nur no in Solothurn und Basel Land.
	Basel Stadt, Romanshorn, St. Galle und au in Schwiiz chunt de Rege flächig.
	In Uri, Obwalde und Nidwalde dichteri graui Wolke.
	Nochem Januar folged mit Februar und März e biz wärmeri Ziite.
	De April macht wieder mol waner wött.
	Mai und Juni werded rekordwarm und au de Juni milder.
	Es wird chälter im Auguscht, September und Oktober.
	Jetzt i de Nacht bliibts bi üs also ruhig.
	De Nebel breitet sich wieder meh und meh us.
	dTemperature sinked under de Gfrürpunkt und es cha stellewiis glatt werde.
	De Jura, aber au dVoralperegione bliibed sunnig.
	Döt bestoht chum Chance für Sunne, de Nebel blibt ebe liege.
	dSchneefallgrenze am Friitignomi zersch no bi rund tuusig Meter.
	dWidersprüch wo drus resultiered, füered zunere immer schwärzer werdende Kriminalkomödie.
	dKooperation vo beidne Künstlerinne führt zumne "Resonanzruum", wo sie teile chönd.
	sAbentüür Alp fangt öpe döt ah, wo di weltberüehmt Gnauigkeit vo de Schwiizer Wandercharte a ihri Grenze stosst.
	Wie verarbeited syrischi Theaterschaffendi de Chrieg in irere Heimat?
	Natürlich möcht en Philantrop, wonen grosse Betrag anes Museum spendet, au e gwüssi Anerchennig ha.
	Demit beuftreit sind dLarian Studios, wo vor allem dur dRollespiel-Reihe "Divinity" bekannt worde sind.
	Und Rösser gits in Island gnueg: Rund dopplet so vill wie Hünd und Chatze zemme.
	Es cha sii, dass du es paar Hardcore-Metalfans volürsch, aber di meischte Lüüt sind viel offener, als me denkt.
	dStelle ufem Bode, wo bereits greinigt und restauriert worde sind, chame guet vo de no unbehandelte Stelle unterscheide.
	Will in Tel Aviv gohts drum, was in Jerusalem sehr viel schwieriger, jo sogar undenkbar wär: Es usglassnigs, freizügigs Fescht.
	Si begleited dGfängnisinsasse zemme.
	Als Biispil nennt er dGsichtserchennig zur Chunde-Identifikation.
	sFlüge isch vo de meischte Stüüre befreit.
	Irgendwenn sött es Mehrgenerationehuus entstoh.
	E nationals Mahnmal mues vom Bundesrot und Parlament abgsegnet werde.
	I wenige Sekunde ischs eBook abeglade.
	Isch de Abdruck aber voschmiert, vozerrt oder nur bruchstückhaft, wird er schwierig zinterpretiere.
	Es chind brucht zum ufwachse Liebi und stabili Bezugspersone, da het nüt mit de sexuelle Orientierig ztue.
	Wer isch de Jon Snow?
	Nur 10 Mönet noch de Eröffnig vo sim gröschte Meischterwerk isch de Ingenieur im Alter vo 86 Johre gstorbe.
	Aber nur dPriester zfördere wird nüt ändere.
	Vo dene hend ganzi 26.9 % en grosse Wunsch nochere Partnerschaft.
	dMultikulti-Stadt am Jurasüdfuess beflüglet ihn, dKreativität und de Uustusch gebed Uftriib.
	dSendig "Potzmusig" chunt direkt us Vevey und stoht ganz im Zeiche vo de Fete des Vignerons.
	Aber Crowdfunding bliibt spannend für Kulturprojekt, wo uf em konventionelle Weg wenig Chance uf Fördergelder hend.
	Si schriibt i ihrne Büecher geg dDiskriminierig dFraue ah.
	Do wird Trinkgeld als Beleidigung ufgnoh, will guete Service als selbstvoständlich und Bestandteil vo de Kultur agluegt wird.
	De Teaser Trailer vo de E3 zeigt, dass es im zweite Teil wohl biz düsterer zue und hergoh wird als im erste Teil.
	Debii sölled Chind mit Migrationshintergrund ihri Muettersproch lerne.
	I sinre lange Gschicht isch de Zirkus au de Stürm usgsetzt gsi, wo über Europa hinweg gfegt hend.
	Es hypnotischs Buech, wo fesselnd vo schmerzliche Vosüech vozellt, i dere Welt e ganzi Frau zsii.
	Wie wend Sie das schaffe, grossi Aabüter wie Netflix zvopflichte, dass sie öpe anen "Schellenursli" zahled?
	De Allschwiler het sich im Reggeagschäft en Name mit de Band Schwellheim gmacht.
	dQualität vo de Fasere isch luut em Füglistaller sehr guet.
	Au in Berlin gits im Summer Erholigsört, wie zum Biispil de Trebusersee oder Grunewaldsee, wos sogar en Hundepark het.
	Was uffallt: Di gnannte Orchester hend Chefdirigentinne.
	Nochem Aalass werded sie an Schwingklub voteilt.
	Am Musig-Konservatorium Züri isch am Raphael sis Talent früeh erchannt und gförderet worde.
	Sie hend Angst, dass ihri Aghörige in Syrie drunder liide müend, wenn si do öpis falsches seged.
	Dank em Streaming-Erfolg isch Schwiizerdütsch etz trotzdem uf einige dütsche Radiosender zghöre.
	"dRundschau" het alli Parlamentarierinne dezue befrogt.
	Do sich minere Kenntnis no kei oder nur wenig Kolonialkunst im Bundesbsitz befindet, überrascht mi di zrugghaltendi Position wenig.
	"dSternstund Kunst" zeigt es usführlichs film-Portrait vom Freddy Buache usem Johr 2009 am Samstig.
	De Vulkan wird unterdesse rund um dUhr am Vesuf-Observatorium in Neapel überwacht.
	Wo immer de Polanski mit sim neuste Werk präsent isch, chunts zu Kontroverse.
	Ihre 15-jöhrig Sohn het vorme Johr aagfange, Alkohol und Cannabis zkonsumiere.
	Im September 2019 isch dBerner Satirikerin Lisa Catena mitem Förderpriis vom Dütsche Kabarettpriis uszeichnet worde.
	Rap und Hip-Hop isch au ide Volksrepublik immer populärer.
	Unterhaltig gits i Mediatheke, eBooks und Web-Communitys.
	El Salvador het e grosses Bevölkerigswachstum, was unter anderem a de erzkonservative Familiepolitik lit.
	Es isch Ramadan und sie wöt Ihne öpis büüte.
	dSplitter vom Chrüz vo Jesus het me sorgfältig usem alte is neue Chrüüz übertreit.
	Au wenn sin Film uf de Piazza zzeigt wird: de Quentin Tarantino wird wohl nöd in Locarno uftauche.
	de Unesco Uusschuss tagt no bis am Samstig.
	Als Chind hani "dChummerbuebe-Serie" gluegt bi de Nochbuure.
	Nice Fact zu de Beneluxstaate: Im Theater oder i Kinos bechömed Platzaawiser Trinkgeld.
	Me chönni aahneh, dass dStruktur vom Notre-Dame gretted und in ihrere Gsamtheit bewahrt worde isch.
	Das bedüted gliichziitig au Nei zum "Weg vo de Schwiiz" um de Urnersee.
	Er het uf de früehbarocki Meister Caravaggio, wo sogar en Mörder gsi seg, vowise.
	Jöhrlich bsueched über 130'000 Gäst de Barocksaal vo de Stiftsbibliothek.
	Tatsächlich stiged vill Lüüt is Comic Gwerb vo de staatlich unterstützte Verläg ii.
	Da isch en neue Rekord: Kei Frau vorem Koch isch bimne einzelne ISS-Iisatz länger im All gsi.
	Will: dHälfti vo allne Rätoromane lebt nöd i de Rumantschia, sondern i Chur, Züri oder Bern.
	Er isch Gschäftsfüehrer vom Erne Holzbau im Aargauische Stei, eim vo de grösste Holzbaubetrieb vo de Schwiiz.
	Di neue Stück sind zweituusigfüfzeh entstande, wome vom Cully Jazzfestival e Carte Blanche becho hend.
	dKlus bi Aesch isch es beliebts Uusflugsziil.
	Medizin, Pharmazie und Biotechnologie sind wichtigi Schwerpünkt vo de Universität.
	dSchwingerhose, e starchs Stück Schwiiz?
	Im Herbscht vo dem Johr isch uf SRF sini erst eigeti Fernsehsendig "Tabu" gloffe.
	Vill vo sine Fründe seged dur AIDS gstorbe, het de Tree gseit.
	dKultur vom Alpinismus het sich au döt ane entwicklet, dass Ethik am Berg und nochhaltigs Vohalte wichtig sind.
	Insgesamt seged 159 Dokumentarfilm für dOscar-Vergab 2020 iigreicht worde, het dFilmakademie in Beverly Hills am Ziischtig mitteilt.
	Schwierig segs gsi, Protagonistinne und Protagoniste für de Film zfinde, het dMaria Müller gseit.
	I irne Märli wür si vill Arbet stecke.
	dWalliser Glace Manufaktur betriibt in Züri zwei Filiale.
	de Euron Greyjoy het i ihrem Uftrag mit sinere Flotte 20'000 Männer vo de "Golden Company" uf Westeros brocht, allerdings kei Elefante.
	Ganz anderscht in Amerika, wos Riiche-Ranking i Wirtschaftsmagazin wie "Forbes" scho sit em erste Weltchrieg Tradition isch.
	Und au abseits vo de Grafik schint Microsoft viel Wert uf Realismus zlege, was Flugsimulatore Fans sehr freue wird.
	Mir improvisiered Obig für Obig, mit Computer, aber au mit Gitarre und Perkussion.
	In Holland, in Belgie und i Luxeburg ischs Trinkgeld bereits iigrechnet, ufrunde isch aber abrocht.
	Die Anti-Iran-Koalition söll sich über dGolfstaate, Asie und Europa erstrecke.
	Die beide Blackboxe sind geborge und sölled im Iran untersuecht werde.
	sKönigshuus het aber bis hüt grosse Iifluss, au i de Politik.
	Di global LGBT Community freuts: Will dMetropole gilt als "Gay Capital" als liberali Insle im Nohe Oste.
	D "New York Times" het am Donschtig es Video veröffentlicht, wo de Abschuss vonere Ragete i Richtig vomne Flugzüg zeige sött.
	De Begriff stammt us de DDR, wo dMedie glichgschalte gsi sind.
	Si het in Teheran gstarted und Kiew aapeilt.
	De preussisch Ministerpräsident het dPole i Pose ihri Kultur, ihri Sproch nöd lebe loh.
	Eis isch klar: Mit Demokratie und Chancegliicheit hend di aastehende Wahle in Thailand wenig ztue.
	I de israelische Armee gelted Anti-Diskriminierigsgsetz.
	Inzwüsche het sdütsche uswärtige Amt bim türkische Botschafter und au bim Usseminischter i de Sach protestiert.
	En bestimmte Kreis vo Haitianer wirft de USA vor, sich id Politik iizmische und di korrupt Elite wiiterhin zstütze.
	Scho im März het sich zeigt: i de urbane Türkei überhaupt tuet sich di religiös-konservativi AKP inzwüsche schwer.
	Di neue Sanktione geg de Chamenei bewised das.
	Do dSNB aber wött vomide, dass de Franke sich zum Euro starch ufwertet, wird sie dZinse wohl nöd vo de EZB erhöche.
	All die Kritik kontered de US Präsident i gwohnter Manier.
	Aber sini Vorgänger Hu Jintao und Jiang Zernin ghöred voschidene Fraktione innerhalb vo de Partei aah.
	De Präsident Hassan Rohani het de Wächterrot kritisiert.
	Thailand isch bereits sit 1932 kei absoluti Monarchie meh.
	De füehrend Anti-Apartheid-Kämpfer und Nationalheld het 27 Johr im Gfängnis vobrocht.
	Oberflächlich betrachted wirkt de Kommunismus in Ungarn fründlicher als suschwo.
	Drum het er die vom Ajatollah Ruhollah Chomeini gleiteti islamischi Bewegig unterstützt.
	De Solomon Okodua kämpft geg de Menschehandel.
	2014 het churzziitig dIihnam vo Bagdad dur de Islamisch Staat droht.
	Luut Bricht vo de UNO hend vill Mensche chum gnueg zum Überlebe.
	Knapp en Drittel vo de thailändische Bevölkerig schafft im Landwirtschaftssektor.
	Einigi Restaurants i polnische Städt akzeptiered kei Bargeld meh, nur no Kreditcharte.
	So plant de US-Usseminischter Mike Pompeo e weltwiits Bündnis geges Land.
	De isch scho vo 1998 bis 2002 a de Macht und het de ehemolig Usseminischter als Botschafter noch Washington gschiggt.
	Au vo de Reforme, wo dPolitik vo de Revolutionsgarde nöd immer befürworted, isch er gschätzt und respektiert worde.
	Wird sie nöd gschlosse, cha zwüsched de Sowjetunion und de USA en militärische Konflikt entstoh.
	Noch nün Protest het sich dZentralregierig in Peking zur Lag in Hongkong güssered.
	Zuedem werded neui Partnerschafte mit Ghana und Äthiopie lanciert.
	dAmerikaner hends nöd gschafft, nochem Sturz vom Diktator Saddam Hussein für Rueh und Stabilität zsorge.
	Drum stönd Theme wie Nochhaltigkeit und Selbstbestimmig vo de lokale afrikanische Bevölkerig im Zentrum.
	Sit Tage stönd dPanzer a de national Mall, de Prachtmeile vo Washington, bereit.
	Mit Stürgeld geg dEU zwettere, isch dumm.
	dUigure werded regelmässig dursuecht.
	Es wird "unvoglichlich" werde kündigt de Präsident uf Twitter a.
	Uigure, aber au Kasache, Tatare und Kirgise.
	sNiveau vo de Aggression in Haiti isch relativ höch.
	Es isch ihm au glunge, sich zdistanziere vom Image vo de kernalistische CHP als elitäri und säkulari Partei.
	Mir hend en Europäischi Union und europäischi Entwicklige.
	De Donald Trump het imne dritte Fall vorem Supreme Court vo de USA dUsgob vo Finanzunterlage gstoppt.
	Da git villne in Rumänie Hoffnig uf e Zuekunft mit weniger Korruption.
	Da isch au es Resultat vom Viktor Orban sim politische Talent.
	Partytouristinne chömmed gnauso wie schwuli Flüchtling us de palästinensische Gebiet.
	Vor allem Saudi-Arabie und di Vereinigte Arabische Emirate hend i de letschte Johr e massiv antiiranischi Politik gführt.
	De US-Präsident John F. Kennedy isch im Weste zbsuech.
	Amerikanische Mediebricht noh werded vill ranghöchi Militärlüüt a de Fiir teilneh.
	dBevölkerig vom Kosovo sött selber bestimme, wie si dProblem vo ihrem Land wend löse.
	Er fürchtet e halb-Diktatur wie Russland, wenn sichs Land nöd für Europa und sini Wert entscheidet.
	Sechs devo sind vom Füehrer ernannti Kleriker, sechs vom Parlament gwählti Juriste.
	Er wött Ungarn öffne für Gschäft mit Russland und China.
	Bsorgt über sAbschniide vo de AfD bi de Landtagswahle geschter.
	Doch sSubventionsprogramm vom Yingluck het au es Loch vo mehrere Milliarde Dollar in Staatshushalt grisse.
	China isch au vor em Xi kei Demokratie gsi.
	Bi de Bildigspolitik heg dPartei vom Mandela, de ANC, au verseit wie ufm Arbetsmarkt.
	Vor allem dSchlüssig vo tusige Staatsbetrieb trifft vil Poline und Pole hart.
	De Nohost-Experte Guido Steinberg erchlärt, wa bis zum Endi vom Donald Trump sinere Amtsziit no passiere cha.
	dStaatsmedie hend mitere Social Media Kampagne reagiert, wo sich dUser als Beschützer vo de chinesische Flagge inszeniert hend.
	Meh als 300 Mensche flüchted dur die heimlich us de DDR noch West-Berlin.
	I bi vo ihne gschlage und drangsaliert, globt und belohnt worde.
	di früehnerig Vowaltigschefin vo Hongkong vofolgt dÜsserige vo de Regierig in Peking gnau.
	De Bush hett allerdings dWiederwahl im nöchschte Johr volore.
	Die Ide het gnauso Ängst vorme DominoEffekt gweckt wie en Aschluss vo Kosovo a Albanie.
	De chalt Chrieg isch a de Wendi gstande.
	Es fehlt a Arbetsplätz, a Sicherheit, anere intakte Infrastruktur und a Vertraue i di irakisch Zentralregierig.
	De Konflikt zwüsched de Kontrahente Iran und USA isch offe ustreit worde - uf irakischem bode.
	Bim Unglück isch au en Doktorand vo de ETH Züri und sini Partnerin, beidi usem Iran, ums Lebe cho.
	Zmidst dine bi de Demonstratione isch au de Tuktuk-fahrer Hussein.
	Südafrika het sin berüehmtischte Staatsbürger 2012 mitere Serie vo Banknote gehrt.
	Kritiker werfed de Regierig "Pinkwashing" vor.
	Si hend sich is europäische Usland volagered, will si festgstellt hend, dass me i Dütschland gnauer aneluegt.
	Mir hend i Brasilie es fragmentierts Parlament, di gröscht Fraktion het zeh Prozent vo de Sitz.
	Under de Opfer sind 82 Iraner, 63 Kanadier, zeh Schwede, drü Brite, vier Afghane und elf Ukrainer.
	Wie beurteiled Sie di erste 100 täg vo de Regierig vom Bolsonaro?
	Hongkong und Macao ghöred eifach zu China.
	dUNO rüeft in Genf sini Mitgliedsländer zu Spende uf.
	Glichziitig hebt de UNO Sicherheitsrot dSanktione geg Nordkorea ufrecht.
	De Ufschwung unter em Erdogan isch starch mitem Bauboom vochnüpft.
	Etz düüted immer meh uf en Abschuss vo de Boeing 737 hi.
	Sie hend bsunders im Syrie-Konflikt e wichtigi Rolle gspillt und hend debii em Präsident Baschar al-Assad gholfe, a de Macht zbliibe.
	Doch de Klimakiller isch en Goldesel für Australie.
	Di dänisch Regierig wött Mitte November wieder Grenzkontrolle bi de Iireis vo Schwede noch Dänemark iifüehre.
	Saudi-Arabie öpe het sogar scho Entschädigunge volangt, falls es wegem Klimaschutz künftig weniger Ölinahme ha wür.
	de Präsident Donald Trump schwankt zwüsched inniger Männerfründschaft mitem Kim und deftige Chriegsdrohige.
	Die isch schlimmer als jedi IS-Armee gsi.
	Er het bsunders als HIV-Forscher en uszeichnete, internationale Ruef.
	"dNew York Times" schafft i jedere internationale Uusgob di politische Cartoons ab.
	Drum spieled prorussischi Kandidate bi de astehende Präsidentschaftswahl nur e Neberolle.
	dFüehrig in Peking betrachtet Taiwan als Teil vo de Volksrepublik, obwohls nie dezue ghört het.
	Spöter het er für de "Tages Azeiger" als Korrespondent in Moskau und Berlin gschaffed.
	De Technopark isch es Paradies für Start-up-Firme und jungi Tüftler, wo ihri Entwicklige zum Durchbruch wend vohelfe.
	Kritiker degege werfed ihm vor, mit Stürgelder und schuldefinanzierte Projekt de Robin Hood zspiele.
	de Karl Brauner, stellvotretende Generaldirektor vo de Organisation erchlärt, wieso dWTO trotzdem nöd tot isch.
	Sit 2014 stönd Teil vo de Gebiet Lugansk und Donezk under Kontrolle vo de us Russland unterstützte Separatischte.
	Wobi ufem Putin-Kim-Gipfel nöd klar worde isch, worin die Sicherheitsgarantie bestoh müessted.
	dEntfremdig zwüsched em Putin sis Russland und em Weste sött sich i de nochfolgende Johre wiiter akzentuiere.
	2015 erreiched schliesslich dUSA, Russland, China, Frankriich, Grossbritannie und Dütschland mit em Iran es Atomabkomme.
	Die Entscheidig vo de USA seg es politischs und moralischs Armuetszügnis, het de Ruhani uf sim Webportal gschribe.
	Vor allem di mächtige Milize in Misrata halted de Haftar für en Putschist.
	Das werdi er sicher nöd tue, het er letscht Wuche amne Nato-Treffe in Brüssel gseit.
	Alkohol tötet jöhrlich drü Millione Mensche, seit dWHO - Tabak sogar acht Millione.
	Beidi studiered Geisteswüüseschafte am prestigeträchtige Trinity College in Dublin.
	Unterstützt wird das Projekt unter anderem vom Flüchtlingshilfswerk vo de vereinte Natione.
	Erliechterig und Applaus bi de bosnische Muslime.
	Tatsächlich gits bi Waldrechte und Bergbau-Interesse di gröschte Konflikt mitem Some.
	De tschechisch Ministerpräsident sött Fördergelder vo sinere Firma iistriche.
	De Lateinamerika-Experte Günther Maihold isch stellvotretende Direktor vo de Stiftig Wüsseschaft und Politik in Berlin.
	De Kapitän isch trotzdem is italienische Gwässer gfahre.
	Es isch e Flüchtlingskrise vo gigantischem Usmass, wo sich in Südamerika abspielt und wo international chum wohrgnoh wird.
	dPolitik vom IWF mit Sparuflage und Privatisierig heg teilwiis gar kontraproduktivi Wirkig uf die Länder gha.
	Mit ihm hend sie de Kampf geg dHerrschaft vo de wiise Minderheit im Simbabwe gführt.
	"So viel Kenianer lebed hüt in Unzfrideheit, Hektik und Dauerstress" seit de Leiter vomne Rehazentrum usserhalb vo Nairobi.
	sLand mit sim Stolz uf de Sieg vo de Sowjetuntion über de Faschismus lebi zu sehr i de Vogangeheit.
	Es goht um sis Image als Reformer - In Frankriich selber, aber au in Europa.
	dJustiz in Angola isch fascht vierzg Johr lang im Dienscht vo de Korruption gstande.
	De im Libanon Geboreni kennts Terrain und isch selber im Feld gsi.
	Zwei Täg lang hend tusigi vo verarmte Argentinier und Argentinierinne uf de Hauptvochehrsodere vo Buenos Aires camped.
	De neu Präsident vo Mexiko het bi sim Amtsaatritt viel vosproche.
	Noch Aagob vo de Ermittler het er unter falsche Identität in Belgrad glebt und e Praxis als "Alternativmediziner" betribe.
	Umgekehrt wird de Völkermord während em Bosnie-Chrieg etz immer luuter volügnet.
	de US-Präsident Donald Trump het zersch mit Drohige reagiert.
	Uf em ganze Westbalkan sind erneut nationalistischi Tendenze spürbar.
	De massivi Gebruch vo Dünger seg en Grund fürs Plus bi de Stickoxid.
	De Kampf gege Korruption isch zur Ziit einzig vom Wille vom Präsident Lourenco abhängig.
	De Haftar wird oft mit em Sisi vo Ägypte vogliche, wo vom Armeechef zum Präsident worde isch.
	Aber de Roti Platz het au no immer e politischi Bedütig.
	So seg öpe in China mit de Asiatische Infrastruktur Investmentbank en Gegenentwurf zum IWF entstande.
	Wenn de Daimler -Chef Dieter Zetsche im Mai pensionniert wird, bechunt er pro Tag e Rekordrente vo 4250 Euro.
	De Ministerpräsident Benjamin Netanjahu gseht i de Chehrtwendi dKorrektur vonere "historische Fehlentscheidig".
	Usserdem het de Voteidigungsminister Mark Esper Kritik a de irakische Regierig güebt.
	Die Untersuechig wird zuenehmend belastend für de US-Usseminischter.
	Usserdem werded dMensche i Nordkorea teilwiis täglich stundelang politisch gschuelt.
	E Niederlag vo de AKP im Renne ums Bürgermeisteramt chönt dMachtbasis vom Präsident schwäche.
	Für ssüdamerikanische Land, wo de IWF zletscht mit 57 Milliarde US Dollar Hilf gleistet het, het sich dLagarde optimistisch zeigt.
	In Bolivie het de Evo Morales e wiiteri Amtsziit zerzwinge vosuecht.
	Bispilswiis isch de IWF in Argentinie oder Pakistan mit grosse Programm involviert.
	de Macron het mit de Reform viel zvolüre, aber au viel zgünne.
	Bier ischs meistvochaufte Alkoholgetränk in Afrika.
	Er isch noch Rom zoge und het döt en Abschluss im Fach Regie a de Nationale Schauspielschuel gmacht.
	Debii wür dZiit dränge, het de Thomas Hale gwarnt, en renommierte Politolog vo de Universität Oxford.
	sStaatsoberhaupt het i sinere Analyse vo de Weltlag dUSA, China und Russland scharf kritisiert.
	Frankriich führt zur ziit de Vorsitz i de Gruppe vo grosse Industriestaate (G7).
	dFrog vo de Fairness isch sit Johre es heiss diskutierts Thema.
	De 56-jöhrig wöt für dFDP de Ständerotssitz vom zruggtrettene Parteikolleg Joachim Eder voteidige.
	dSchlüssig vo dene Lugge hend etz Priorität.
	Und au immer volinkt mit wiitere Theme.
	Wenn me ihres Buech list, bechunt me de Iidruck, dass dWelt e besseri wäri, wenn me nur mol di Junge as Rueder wür loh.
	I ha no nie so vill Zügniss vo Unterstützig und vo Votraue becho wie etz.
	Wieso hend Sie eigentli Dütschland im Aug?
	Da cha für dSchwiiz sicher kei valabli Lösig sii.
	Aber bis konkreti Schritt folged, gohts es wiili.
	dBuure erhaltet defür einersiits Direktzahlige vom Bund, sie chönd aber am Markt au meh volange.
	De Chef vo Läderach isch ufgrund vo sinere chrischtliche Überzüügig als frauefeindlich und homophob bezeichnet worde.
	Hinter de klimapolitische Forderige vo Links-Grüen wittered sie en Agriff ufs Portemonnaie vom Mittelstand.
	Chunts zum Richitigsstriit?
	So het de Bundesrot i de letschte Johr zwei entsprechendi Motione abglehnt.
	Also flüg i.
	Es isch völlig klar, dass mir da aagliche müend.
	Alli wüsseds.
	Vor allem i de Politik sind meh Fraue votrete.
	Zersch chömmed aber eh dRezept vom Bundesrot is Parlament.
	Volore het dSVP und isch in Waadt zur viertgrösste Partei abgrutscht.
	Bsunders schätzt sie au dBsüech, wo sie vo Fraue us de Umgebig bechunnt.
	Uf Choschte vo de SVP oder uf Choschte vo de CVP, da isch no nöd ganz klar.
	dAndrea Faye, wo sich em links-progressive Lager zuordnet, pflichtet ihm bii.
	Mit de Resultat vo de Klimakonferenz, wo gester in Madrid zEnd gange isch, schiint niemert zfride.
	dHauptiinahmequelle vo Politiker stammt us private Zuewendige.
	Etz isch bekannt worde, dassd USA zuesätzlichi Soldate iisetze wennd, um dÖlfelder im Oste vo Syrie zschütze.
	Si chönd alli notwendige Informatione und Dokument volange, au Protokoll vo Bundesrotssitzige und gheimi Unterlage.
	Si unterrichted zuedem als Sekundarlehrerin im Kanton Baselland.
	So drängt sich kei wiiteri Lockerig vo de Geldpolitik uf, um dWirtschaft aazzschiebe.
	De negativ Wert het sich innerhalb vo zwei Johr fasch vodopplet.
	Ihm isch öpe vorgworfe worde, er hegi vosuecht, imne Ermittligsvofahre iizgriife.
	Di chlii Chammere setzi falschi Prioritäte.
	Da ghöri zunere glaubwürdige Klimapolitik.
	Sicher isch: De überschuldeti Stahlproduzent brucht dringend neus Geld.
	"sGspröch het inere sehr guete Atmosphäre stattgfunde" het dBundespräsidentin Simonetta Sommaruga nochem Treffe gseit.
	Sie volangt, dass sFreizügigkeitsabkomme mit de EU innerhalb vomne Johr neu vohandlet wird.
	Zersch sind aber dUSA gforderet.
	Sit zeh Johr isch sie konstant.
	Worum laufts bim grösschte Stahlbauer vo de Schwiiz nöd rund?
	Wenig überraschend - wird doch dKlimabewegig im Wesentliche vo junge Erwachsene treit.
	De Buurevoband isch - sit sine Afäng - überparteilich.
	dSarah Bünter: Me mues de Lüüt Alternative büüte.
	Au wenn e sötigi Verzögerigstaktik natürli legitim isch.
	Isch das etz sEndi vo de Aanöcherig?
	Und doch e neui Nationalrötin: dEsther Friedli usem Toggeburg.
	Mir hend dYvonne Beutler a ihrem letschte Arbetstag bsuecht und uf ihri politisch Laufbahn zruggglueget.
	Mir isch bewusst gsi, dass es nöd de ideali Ziitpunkt isch für en Rücktritt.
	"Mir sind dZuekunft und wend mitbestimme" seit de Simon Köstinger.
	I de EU het nur ei Stadt no dreckigereri Luft: Pernik, au in Bulgarie, nöd wiit vo Sofia.
	Neu sött uf Bundesebeni e Links-Mitti-Politik mögli sii.
	Debii würs em Staat eigentli nöd a Geld fehle.
	Hoffed Sie au uf usländischi Chäufer vo ihrere Idee?
	Fasch sibe Stunde het di gross Chammere am Zischtig und Mittwuch über dVorlag brüetet.
	Und: I de letschte Legislatur hets viel Reformstau geh, öpe bi de Altersvorsorg.
	Es wird so allerdings schwieriger üsen Lebesmittelpunkt zbestimme.
	Isch da realistisch?
	Au dFrog, wie künftig meh Strom us Wind oder Sunne sött gförderet werde, wür ganz zoberst uf de politische Agenda stoh.
	Grad die Trennig wird vo de Lingge kritisiert.
	Wieso finded 2018 und 2019 immer meh Stimmberechtigti, dass dPolitik dDing nüme so richtig im Griff heged?
	Bi de Prognose bliibemer aber vorsichtig, au us Erfahrig.
	Juli/Auguscht 2019 Es isch en regelrechte Partysummer gsi: Züri Fäscht, Street Parade, Bundesfiir, Fete de Vignerons und vill warms Wetter.
	Allerdings isch sie nöd selbstvoständlich.
	De 55-jöhrigi us Eich politisiert au sit vier Johre im Nationalrat.
	Handlets sich debii um meh als nur Nochhilf-Unterricht?
	Wie die Botschaft bi ihm acho isch, isch schwer zsege.
	Aber alli hend di gliche Sorge.
	Wichtig seg: Es göchi usschliesslich um di technisch Infrastruktur vonere söttige digitale Plattform.
	De Hengartner folgt uf de Fritz Schiesser, wo Endi April in Ruhestand trette isch.
	gliichziitig het er feschtghebed, dass sich alli grosse Parteie anen Tüüfpunkt befinde würded.
	Da heg au mit de Wichtigkeit vo de bilaterale Beziehige ztue.
	Scho lieber im Hintergrund.
	Zruggzfüehre isch da einersiits uf dMee-Too-Bewegig.
	Da wiederum het aber nöd so recht is Bild vo de neutrale Schwiiz passt.
	Nebed de Politik hend aber au Brustwarze uf Facebook und Notfallchnöpf im Spitol, wo nöd fuktioniered, für Ufsehe gsorgt.
	dBuure fühled sich brüskiert.
	Andrersiits werfed Medie i de Region au dFrog uf, was denn US-Truppe überhaupt no nütze würed.
	Füehlt me sich i dene Täg als "ältere, lingge Politiker" e biz an Rand drängt?
	Wenn mir bispilswiis bi Ligeschafte möglichscht schnell vom Öl wegcho würed, wär das en riisige Aareiz.
	Einersiits isches schwierig für e Bewegig, sich längerfrischtig zorganisiere.
	Aber es wür au um Medizin goh.
	Isch das Illusion oder Notwendigkeit?
	Es seg für sie aber e grossi Chance, vieli vo ihrne Amtskollege ztreffe - wenn au i churze Ziit.
	Mit sim büürliche Hintergrund wird er au als de neui Toni Brunner bezeichnet.
	Iri Listevobindig mit de SP vohilft ihne sensationell zum allererste Nationalrotssitz.
	De Christoph Eymann seit: "Üs gits in Basel no immer, will me gueti Chöpf hend. "
	Und do wött i als Botschafter vo de Junge au min Biitrag leischte.
	Mir müend üsi Partnerländer au wiiterhin klarmache, dass üsi Neutralität und Abmachige gelted.
	Wie sie überhaupt im Europadossier e zuehnemend wichtigi Rolle spielt.
	Drum segs chum mögli, em Hersteller en Materialfehler oder em Chirurg en Awendigsfehler nochwiise zchöne.
	dKantön gliched sich bi de Gwünnstüür a, bis uf es paar Usnahme.
	En sehr grosse Teil, fasch dHälfti vo de schädliche Emissione, goht ufs Konto vo de Buure.
	Eltere sind Bürgerinne und Bürger, wo politischi Forderige stelle chönd.
	Ein devo isch de Peter Eberhard.
	sProblem sind nöd dKantonsgrenze.
	I bi überzügt devo, dass üs di junge Mensche iri Aalige au unterbreite wend.
	Spannend biibt de Kampf um de zweit Ständerotssitz.
	Do wird nöd dramatisiert, sonder s werded eifach politischi Positione vo de Kandidate ufzellt.
	Di Bürgerliche hend allerdings scho bi de kantonale Wahle Niederlage istecke müesse.
	Immerhin gits uf politischer Ebeni voschideni Vorstöss, wo Nochteil für Fraue oder Männer abbaue wend.
	Öpe i Sache Handel.
	De Marcel Dobler vo de FDP liit aber überraschend dütlich hinderem Roland Rino Büchel vo de SVP zrugg.
	Inzwüsche reded me wieder mitenand und findet sogar Lösige für aktuelli soziali Problem.
	Da gsehnd freilich längscht nöd alli so.
	Etz het sies i de Hand, Dlehre drus zzieh, beziehigswiis dEmpfehlige umzsetze.
	Au übertribe seg dBefürchig sVolk werdi ohni vollständigi Kompensation sowieso ablehne.
	Rot-grüen tritt mit em Hans Stöckli und de Regula Rytz ah.
	Er kennt di knorrige Arve, die dunkle Höhlene, di karge Bergflanke, dSteiadler und dGämse.
	Noch de Klimawahl vom Oktober müestis etz mit de Klima- und Energiepolitik vorwärts goh, het dSommaruga erchlärt.
	Vor de Bundespräsidentin Simonetta Sommaruga redt de WEF-Gründer Klaus Schwab.
	De Werner Salzmann, Nationalrot und Präsident vo de berner SVP, het zwor di stärchst kantonali Partei im Rugge.
	fascht täglich schaltet de US-Konzern döt neui Möglichkeite vom zielgrichtete Werbe online.
	dGLP fischt im Becki vo de FDP und da erfolgriich.
	Sie zeigt grosses Voständnis für de Ärger i wiite Teil vo de Bevölkerig.
	Und wills en Uswahl bruchi, heg er sich etz doch zur Vofüegig gstellt.
	Sie ändered dBerechnigsgrundlag für de Negativzins.
	Do befindet sich au Nationalpärk.
	Und wer nöd uf Bundesebeni politisiert het, het oft legislativ- oder Exekutiverfahrig i sim Heimatkanton gsammlet.
	dTheme wie zum Biispil dGfohr dur de Islam seged nach wie vor politischi Theme i de Schwiiz.
	dWahlchance Marianne Binder het bis etzt kei nationals Polit-Mandat usgüebt.
	Trotzdem het sich bim Thema Zuewanderig dIistellig gänderet.
	Au em Trump sini Tocher Ivanka und Schwiegersohn Jared Kushner sötted id Schwiizer Berge reise.
	De Politolog Marc Bühlmann lebt im Berner Jura und kennt de Konflikt.
	Es isch scho de dritt i dere Brandsaison.
	Sondern lostrete vo Jugendliche, wo etz di grosse Parteie is Schwitze bringed.
	Politischi Erfolg vo de Buure wie de hend aber au viel mit de Person Markus Ritter ztue.
	Es git do scho sehr viel Lüüt, wo klimafründlicher lebe wend.
	Mit voschidene politische Vorstöss wott sie Gegestüür geh.
	Isch de Albert Rösti no de richtig Präsident.
	Er seg aber kein "Fraue-Vohinderer", het er wiiter betont.
	Und: Es seg demokratisch nöd legitim.
	De Roger Federer het sich am Mittwuch enere Operation am rechte Chnüü underzoge.
	I dem Johr het de Federer mit em Australian Open serschte offizielle Turnier bestritte.
	Gueti Nochrichte für alli Schwiizer Tennis-Fans: De Stan Wawrinka chehrt nögscht Wuche in Acapulco uf dATP-Tour zrugg.
	News usem Ishockey.
	Au in Östrich wird di laufend IIshockey-Meisterschaft nöd zEnd gspilt.
	am Mäntig het in Indian Wells dQualifikation gstarted.
	Erstmols sit de Saison 1987/88 gönd wieder alli 4 speed-kristallchugle id Schwiiz.
	Hochspringerin Salome Lang het a de Halle-Schwiizermeisterschafte en neue Landesrekord realisiert.
	Si hend am Mäntig morge Russland 10:6 bezwunge.
	Mit neue Trainingskolleginne und Trainer erhofft sie sich en wiitere Schritt füre.
	sGoal bim 2:1-Uswärtssieg in Dublin vom Fabio Celestini isch au hüt no legendär.
	Für de Final heisst da: Bern isch massiv länger ufm Iis gstande als Zug.
	De Andreas Vetsch het a de WM de Ringer in Kasachstan für es Usruefezeiche gsorgt.
	No biz schüchtern präsentiert dFrida Karlsson am Zischtig bi de Siegerehrig ihri erscht WM - Medaille.
	I de aktuelle Saison hend di beide Spanier wesentliche Ateil am Erfolg vom FCSG.
	Selber isch me nur selte vors goal vom Jeroen Zoet cho, het aber smaximum drus gmacht und mit 2:1 gführt.
	Gege Belgie isch ihm im November sin erschte Treffer im Nationalmannschaftsdress glunge.
	De FC Luzern, zum erschte mol ohni de Christian Schneuwly, het sich au im Rückspiel gege de Klaksvik üsserscht schwer tue.
	Mit zittriger Stimm het sich de alti und neue Fifa Präsident bi de Awesende bedankt.
	Ebefalls en Doppelpack schnürt de eigentlich Ersatzma Divock Origi.
	De Kadette-Spieler het aber au gmeint: "Mir münd Slowenie sowieso schloh".
	Jo, natürli isch e internationals Renne e spezielli Userforderig.
	De Federer und de Nadal strebed im 50'000 Zueschauer fassende Cape Town Stadion en neue Zuschauerrekord a.
	Mit 16 Goal und 6 Assists het de damals 19-Jöhrig massgebliche Ateil gha.
	dSchwiizer Fraue Nati started i Schaffhuse geg Litauen id Qualifikation zur EM 2021.
	Emne 4:9 gege Norwege isch e 4:5-Niederlag im Obigspiel geg Dütschland gfolgt.
	Mir hend seb Spiel aber au ohni mi 5:0 gunne und das ischs swichtigschte.
	Im Stream i de Sport App sind Sie au live mit debii.
	Und denn isch do immer dAssoziation mit em Basejumping.
	sSnowboarde het sin Höhepunkt um dJohrtussigwendi erreicht, mittlerwile nehmed dZahle vo Snowboardfahrer tendenziell ab.
	Doch sletschti Heirenne liit scho e ganzes Wiili zrugg: 1995 isch in Escheebach di letscht WM uf Schwiizer Bode ustreit worde.
	De Offensivspieler blüeht bim VfB Stuttgart so richtig uf und het am Wuchenend au geg sin Ex-Klub Hoffenheim troffe.
	Doch denn isch us de Sicht vo de 24-jöhrige Engelbergerin das verflixte vierte Schüsse cho: Au dSchüss 16 und 17 vo de Häcki sitzed.
	Wer günnt WM Gold?
	Es isch mir egal gsi, ob i bim FCB spiel oder bi de Old Boys Basel.
	De Schwiiz fehled 4 Pünkt zur Qualifikation für dEM Endrundi 2020.
	"Schliesslich hettemer gern wieder meh Schispringerinne und Schiispringer i de Schwiiz" seit de Karl Bieri.
	De SRF zeigts EM-Startspiel vo de Schwiiz geg Schwede ab 20:20 als Livestream.
	Nei, dSchwiiz schiidet noch de Gruppephase us.
	DSchwiiz, e Schwimm - Nation?
	Rang 2 vopasst de 26-jöhrigi Walliser nur weg de gringe Anzahl Sieg gegenüber de Franzose.
	sSRF begleitet sNationalteam hutnoh dur dWM und zeigt exklusivi Bilder vo de Schwiizer Liechtathletinne und Liechtathlete.
	Sie kritisiered vielmeh de ultra defensiv Asatz vo de Ire.
	Im April het dSchlumpf ires Marathon Debüt wegere Blose am Fuess müesse voschiebe.
	dSiegesprämie vo 417’000 tuusig Euro het Irland mit total nur eim Strofpunkt gunne.
	Und de Schwiizer Branche-Primus het nocher beschribe, wie schwirig es gsi isch geg de Nadal zspile.
	Sini elegante Dribblings sind en Gnuss.
	sRenne isch sehr sehr renommiert i üsem Sport und gilt quasi als Tour de France vo de Mountainbiker.
	dMSL isch en Amateurliga, erinneret aber strukturell an e professionelli Liga.
	Statt 16 nehmed neu 24 Teams teil.
	Bimne Marathon füehred Bergabpassage zu grösstem Muskelstress.
	De Satz het dMannschaft vom Nationaltrainer Timo Lippuner guet mitghebed und isch zwüscheddure sogar i füehrig glege.
	De Sion Präsident Christian Constantin isch trotz vohältnismässig diplomatische Wort nöd um de Begriff "sportlichs Vosäge" umecho.
	De Luzerner het i de Kategorie bis 86 Killo alli drü Vorrunde Kämpf gunne.
	De Nati Trainer Michael Suter het döt scho sich zweimol um es Timeout bemüeht.
	2 Spiel, 2 Sieg, 12 Goal, 1 Gegegoal: bis etz fallts Zügnis vo de Schwiizer Nationalmannschaft a dere WM üsserscht positiv us.
	Es isch i Zweierteams "Rocket League" gspilt worde.
	sWafferecht i de Schwiiz söt gänderet werde.
	Und das, ohni ei einzigi Platte laufe zloh!
	De Klingler wird dSchwiiz au im nöchschte Johr a de Olympische Spiel in Tokio votrete.
	De Vorsprung uf di drittplatzierte Serbe betreit 4 pünkt.
	Degege hets bi 5 Remis 21 Niederlage abgsetzt.
	I de Weltranglischte isch er zwüscheziitlich bis uf Rang 263 zrugggheit.
	dUSA sind bim 8:0 zstarch.
	Basejumper gumped degege vo feschte Objekt, öpe Felskante oder Brugge, und erlebed de wesentlich riskanteri churzi freii Fall.
	Und das, obwohl dBaslerin Laura Stähli im Vorjohr sensationell WM Dritti gsi isch.
	Interessant debii: Die "Marathon-Teams" sind noher au Schwiizer Meister worde.
	Ufem Badener Huusberg Baldegg het de Chrischtian Rocha de Süpercross, es einzelns Veloquerrenne organisiert.
	De Eintracht Trainer Adi Hütter het ihn aschlüssend als " Johrhundert-Talent im portugiesische Fuessball" bezeichnet.
	Hesch du körperlichi Beschwerde und möchtisch si mit Yoga lindere?
	de Uussag dass da Spiel nur volore hend, will de Shaqiri nöd debii gsi isch, würdi aber widerspreche.
	die überaschende Este und Österrich hends Podest komplettiert.
	dUusträgig isch England zum erschte mol Cricket Weltmeister worde.
	De Genfer Center isch i de NBA bi de Houston Rockets zum Stammspieler griift.
	De Direktor für Bundesamt für Sport BASPO, kennt als Historiker di ganz Gschicht vo de Sportschuel Magglinge.
	Und es isch di erscht positiv Dopingprob gsi, sit dKontrolle im Schwingsport dur Antidoping Schwiiz duregführt wird.
	Und wie stoppt me de Ronaldo?
	Au dTriathlon Verastalter wennd i Chürzi über sThema diskutiere, heissts bim Voband Swiss Triathlon uf Aafrog.
	De 26-jöhrigi Stürmer seit, er wott de Mannschaft im Powerplay helfe, indem er vorem Goal Druck machi und uf Abpraller warted.
	Me müesst bi ihm zerscht sIis breche.
	Wenn dVelo-Elite 2024 um Edelmetall kämpft, wird da in Züri gscheh.
	Di 18-jörig Sclabas isch über 800 m i 2 Minute zu Silber gloffe.
	De boomend E-Sport het debii e wichtigi Rolle gspilt: A jedere Mess findet au Turnier statt und ziehnd es Publikum aah.
	Scho sit Afang vo de Saison seg sZiil für Arsenal gsi, de Meistertitel noch 2012 wieder zgwünne.
	Wie schloht sich dSchwiiz geg Dänemark?
	Schafft dSchwiiz de Halbfinal Iizug?
	Au bi vier wiitere Fäll sind dLaboruntersuechige no uusstehend.
	Wie het sich de Alpinismus, also sBestiige vom Berg, überhaupt entwicklet?
	dSchwiizer Volleyballerinne hend a de EM au ihres zweite Gruppespiel in Bratislava volore.
	Und doch - Rugby wird immer populärer.
	dSchwiizer treffed im Final uf Russland, wo dSlowakei im andere Halbfinal mit 3:2 nochem Penaltyschüsse abegrunge het.
	Sowohl de FC Servette als au de FC Lausanne Sport unterstützed ihri E-Sport-Teams sehr erfolgriich uf finanzieller und struktureller Ebeni.
	Werded dRenne im TV zzeigt?
	Trotz de Niederlag sind dSchwiizer nach wie vor uf em beste Weg sK.o Spiel zerreiche.
	De Goallie Eliot Mounoud het de Ball 4 mol jongliert, bevor er us de Distanz wuchtig id Masche troffe het.
	Und etz stopft er sich mit Fleisch voll?
	Du bisch doch die, wo sich ständig um ihn sorgt und ihn mit Guetsli vollstopft.
	De Ruum isch chli und vollgstopft.
	dPatrizia hett ihn vollgstopft mit Wörter.
	Er chunt vo obe ine.
	I bi vo obe ine cho.
	Du chunsch vo obe ine, i ha dTüre offe loh.
	Er het sich guet vorbereitet.
	Si sind sicher guet vorbereitet.
	I bereit de Voband vor.
	Du bereitisch es Bad für ihn vor.
	de Hommes bereitet scho sHuus vor.
	I wart vorem Tor.
	Du wartisch bis me do sind.
	Und es wartet niemer uf di.
	Me wartet vogeblich um ihn.
	I han uf Unterstützig gwarted.
	Mir hend scho uf Sie gwarted.
	A de Wand es Wöschbecki mit Sprung.
	de Jan isch unveränderet vor em Wöschbecki gschtande.
	Und du machsch sEntfärbigsmittel im Wöschbecki zrecht.
	Er hett dWatte weggworfe, und sWöschbecki mit viel Wasser usgspüelt.
	Under em chline verchromte Wöschbecki i de Egge het er Alkohol gfunde.
	Wenn i a so öpis denk, fang i aa zzittere, und mängisch brüel i.
	I cha mini Herztätigkeit nöd iistelle, wenn du brüehlsch, als wer dis Herz bbroche.
	I hoff, er brüehlt und hasst sich defür, will das het er als Bueb gmacht.
	Sie brüehlt nöd, und si rennt au nöd mitem Chopf geg dWand.
	Es paar vo de alte Lüüt hend scho brüeled.
	Aber er het nöd gwimmert, nöd brüehlt.
	Nei, het si gseit und het luuter brüehled.
	Wend dMaschine schön vorsichtig, het de Janson hinzugfüegt.
	Du wendisch de Wage und fahrsch ihn hinder de Patsy ihres Huus.
	Sie drühlt sich um und luegt uf dStadt abe.
	Endli het sich sSchicksal gwendet.
	de Booker het inzwüsche sis Ross zzüglet und gwendet.
	De Eddie het ihm sin Zippo zuegworfe.
	Er het dFläsche uf dSiite gworfe.
	So wie du us de Stadt ggange bisch und di de Söldner schamlos id Arme gworfe hesch.
	I ha kein Stei gworfe.
	Me hend ihn in Turm gworfe.
	I wörf nur dFischerruete us.
	Du wörfsch wienes Meitli.
	dMänner hend ihri Hüet id Luft gworfe.
	Isches nöd, het sie widersproche.
	Herr Ulrich, Verzeihed Sie, dass i widersprech, aber im echte Lebe chan en fiese Trick mängisch zwüsched Lebe und Tod entscheide.
	I seg der etz, wa du ztue hesch, und du widersprich nöd, sondern machsch , wani seg.
	Natürli gits en Zemmehang, widerspricht de Hans Olofson.
	Aber er het nöd widersproche, wo si sich gweigeret het.
	I ha weder druf reagiert no widersproche, aber er isch definitv hinter ire her.
	I wüehl mi währenddesse dur di alte Akte und lueg, ob sich do nöd öpis finde loht.
	I weiss du wetsch nöd, dass i i dinre Vogangeheit wüehl, un da hani au nie gmacht.
	Wüehlt sich dur sandigs Chliigeld, wo wohl nie wieder usgeh wird.
	Das ganzi Gschwätz über ihri Muetter wüehlt di vomuetli uf, het dVicki wohlwollend formuliert.
	Er wüehlt wiiter, jetz fieberhaft.
	Er zwängt sich dur dÖffnig und wüehlt wiiter.
	dBessie, wo unterdesse im Wöschchorb gwüehlt het, het endli de Deckel gschlosse und isch a iren Platz zruggchehrt.
	I ha mi dur dRegistrierigsunterlage vo de Firma gwüehlt, und si isch tatsächlich gmeinnützig.
	Es paar Jugendlichi wüehled i Chübel mit malaysische Mikrochips.
	I zank gern mit dir ume.
	I wott nöd, dass du di no wiiter mit dinre Muetter striitisch.
	Mängisch isch dChatz do, wenn er ufwacht, mängisch schloft si, mängisch putzt si sich, mängisch spillt si sogar, jagt e Staubflocke oder zankt mit de tote Flüge ufem Fensterbrett.
	dHünd striited sich um dLeckerbiss.
	Si striited sich de ganzi Weg drüber, wo de Jüngling iigschlage het.
	E sehr müed ussehendi Mueter striited sich mit ihrem no müeder usssehende Chind.
	Di beide hend sich doch ständig gstrite.
	I han ihn im Sport völlig usenandgnoh.
	sTeam het dGegner so usenand gnoh, dass es paar agfange hend zbrüehle.
	Unglaublich er nimmt di usenand.
	No ein Schritt nöcher und i zerris sPergament.
	Es het ihm sHerz zerrisse.
	En bsunders schrille Schrei het dLuft zerrisse.
	Si lönd sich goh, hend wieder zuegnoh.
	I het Geld zemmekratzt.
	Das veränderet uf ein Schlag sminimale psychologische Profil, wome zemmekratzt hend.
	Di zwei Autos sind uf de Autostross zemmegstosse und es het luut knallt.
	Wenn du so wiiterlaufsch stossisch no mit öperem zemme.
	Pass uf susch stossemer zemme.
	Er isch mitm Gsicht uf ihre zemmegstosse.
	Er het dTüre zuegschletzt, sodas dBilder a de Wand gwagglet hend.
	I ha dir dTüre afach vor de Nase zuegschletzt.
	Wie het er mir nur dTüre chöne zuewerfe.
	Du schletzisch mer doch nöd dTüre zue, oder?
	Si het ihm eifach dTüre zuegschmisse.
	Es isch mir us de Hand grutscht.
	Er cha nüt defür es isch ihm halt ebe us de Hand grutscht.
	Du findsch de Koffer döt une.
	De Ball isch ihne under sAuto grollt.
	Er het de Chueche selber ufgesse.
	Mir essed alli zemme de feini Brote.
	I ess i letschter Ziit ziemli vill.
	Er isst mer immer alles weg.
	Er chehrt hüt de Bode.
	Mir werded alli zemme sLaub kehrt ha.
	I chehr sLaub immer nur endi Herbst.
	Du chehrsch nie und au susch übernimmsch nüt im Huus.
	Mir hend kkochti Härdöpfel gmacht.
	Hüt gits kkochti Härdöpfel seit dMueter.
	I gwünn susch nie.
	Du wirsch gwünne, da weiss i.
	Er het damals dütlich gunne.
	I gwünn da Spiel gad.
	Hesches vostande.
	Bekannt isch de Bundesstaat für sini Stränd, wo vill Bsuecher aziend.
	Desserts, Chueche, Znacht und Getränk ergänzed oft sAgebot.
	Es Grabesystem isch mit de Panke vobunde und bildet en teilwiise Abfluss.
	De überwiegend Teil vo de Chleidig isch dreckig, abgnutzt und voller Löcher.
	dElektronik wird vonere Platte us Kunststoff vodeckt und abgschirmt.
	Grossteil vo de Kuppe vom einisch höche Berg sind dur Basaltabbau abtreit worde.
	Noch de Wendi het Sie en Uusbildig beendet und in Berlin sAbitur nohgholt.
	Tatsächlich chönd sie de Killer dMünze wieder abneh.
	Die voblibende zeh Finsterniss volaufed teillwiis mit abnehmender Grössi.
	Es isch de längschti Abstand zwüsched zwei Fluchtmöglichkeite imne dütsche Isebahntunnel.
	Si befindet sich somit liecht flussabwärts, unterhalb vom Schloss Landshuet.
	sLeder isch dur sin höche Fettghalt starch wasserabwiisend.
	Es isch gwellt bis chruus und i de Grundfarb schwarz, au mit wisse Abzeiche.
	Uf Schallplatte isch de beide aber immerhin en zfridestellende Achtigserfolg glunge.
	Dezue sind i de Becki Flachwasserzone gschaffe.
	Wenn sie sich vosammled oder berüehred stossed sie e nasals Chrätzli us.
	Di meischte Sidler sind Handwercher gsi und hend nur wenig Ahnig vo Wiiabau
	Narbe, Falte un dAkne chönd au behandlet werde.
	Letschtlich isch dSituation eskaliert, und de Pollock het sich im Alkoholruusch zTod gfahre.
	Gwünne isch ebe nöd alles.
	I de nacht mängisch Schneefall, i de tüfschte Lage au mit Rägä vomischt.
	Am Samschtig isch es oft sunig.
	Ab hüt Mittag örtlich Gwitter.
	Vor allem am Samschtig gits i de Bärge lokali Rägäschauer.
	En winterliche Sunntig mit teilwiis chräftigem Schneegstöber.
	Tüüfschtwert um 9 Grad.
	Am Samschtig fründlich, aber immer wieder Wolkefelder.
	Am Zischtig und Mittwuch nur zum Teil sunnig, allgemein schwül und gwitterhaft.
	Früeh am Morge 10 Grad, höchschtwert um 25 Grad.
	Uussichte bis am Mäntig.
	Wie lang wirds wohl goh, bis sich Sgwitter direkt über de Wanderer befindet?
	Debii wirds vom Donner begleitet und ghört zu de Elektrometeore.
	Dwohrschinlichkeit das es rägnet isch chli.
	Lokali Gwitter bringet endli Rägä.
	Wie isch da mit de Nebelobergränze?
	Dschneeflocke wachsed us sechseggige Iiskristall.
	Duurrägä tritt in erster Linie bim Durzug vo Warmfronte uf.
	Es bliibt warm mit 22 Grad i Friiburg und 24 Grad i Brig.
	Hochnebelfelder überem Flachland uf beidne Siite vo de Alpe.
	Aber wege de Waldbrandgfohr isch grossi Vorsicht botte.
	Vom Schneeräge redt me, wenns gliichziitig rägnet und schneit.
	Tüüfschttemperatur 10 Grad, Höchschtwert um 23 Grad.
	Ohni Blitz gäbts also au kei Donner.
	E chliises Gwitterrisiko bestoht hüt im Nordweschte vo Dütschland.
	Liechti Rägäschauer und windig.
	Am Sunntig und am Mäntig Sunne, einigi Näbelbänk.
	Wetterbricht vom Friitig, 8. April 2020 fürd Ostschwiiz.
	Platzräge führt i churzer Ziit zu relativ grosse Mänge Niederschlag pro Quadratmeter.
	Am Sunntig und am Mäntig amigs sunnig.
	Am Obig klar mit es paar Wolke.
	Vor allem am Friitig im Oschte rägnets teilwiis dure.
	Am Obig hets chum Wolke.
	Sehr windig mit Schneerägäschauer, i de Nacht Glätti!
	Schneefallgrenze zwüsched 1400 und 1700 Meter.
	Am Samschtig zum Teil sunnig.
	Bsunders di öschtliche Alpe hend sit em Samschtig grösseri Neuschneemenge becho.
	Tagsüber 9 - 13 Grad.
	Am Mittwuch rägnerisch.
	Churz aber heftig: Hagelschauer hend im Summer Hochsaison.
	Am Dunschtig zum Teil sunnig, zum Teil en Schauer.
	Drohne vomessed dSchneedicki.
	Vom Sunntig bis hüt früeh am Morge sind überall i de Schwiiz grossi Regemänge gheit.
	Am Mittwuch starch bewölkt mit Schnee.
	De hüttig Sunntig fallt bewölkt, vereinzelt mit Rägä und churze sunnige Abschnitt, us.
	De Oktober bringt di erschte grössere Schneefäll und dämit de Winter id Alpe.
	am Samschtig Morge nöd ganz wolkelos.
	am Mäntig oft bewölkt, ab und zue sunnig, einzelni Schauer.
	Wie hoch isch sSchauerrisiko hüt?
	Am Zischtig teilwiss neblig.
	Drum forderet de Nassschnee au e spezielli Technik bi de Abfahrt.
	Wetterbricht vom Friitig, 21. April 2020 für Bern, Jura, Friburg und Wallis.
	Hüt Nomi lit biz trochnigere Luft über de Schwiiz.
	Lockerschnee wiist en extrem tüüfi Dichti uf.
	Früeh am Morge -5 Grad, Dhöchschttemperatur 0 Grad.
	Bode und Hochnäbel voruszsäge isch schwirig.
	Uf 2000 Meter 11 Grad.
	Prognose für de Grossi Saanewald.
	am Samschtig morge recht sunnig.
	Bi de Voralpe verbreitet Hochnebel, dObergrenze uf rund 900 Meter.
	Am Mäntig ussert Sunne au Rägegüss.
	Am Obig fründlich, aber immer wieder Wolkefelder.
	Am Zischtig sunnigi Abschnitt und Schneeschauer.
	Hüt Morge isch de Himmel wolkegrau deckt gsi.
	Am Sunntig oft sunnig, es paar Wolke.
	Mängisch hets dichteri Schleierwolke.
	Am Sunntig wechselhaft mit Schneeschauer.
	Am Mäntig starch bewölkt und oft Räge.
	Am Wuchenend schiint trotz es paar Wolke oft dSunne.
	Prognose für I de Bisse
	Am Mäntig meischtens grau mit Räge.
	Am Nomi oft sunnig und nur es paar Wolke.
	Nullgradgrenze um 2300 Meter.
	Es bliibt warm mit rund 23 Grad am Bodesee.
	Am Sunntig und am Mäntig sunnigi Abschnitt, susch au bewölkt.
	Prognose für Muri bi Dickenacher
	Oberhalb vo 1800 Meter bliibt dLufttemperatur de ganz Tag under null Grad.
	Nur vereinzelt Blitz und Donner?
	Am Samschtig Sunne und Wolke gmischt.
	Am Nomi zimli schneebedeckt.
	Am Obig nöd ganz ohni Wolke.
	Am Sunntig vil Sunneschii mit es paar Wolke.
	Geg de Obig wirds länger sunnig und meischtens troche.
	Am Obig nur selte Wolke.
	Sin Chef bezeichnet er als guete Fründ.
	Sit 20 Johr heg er au i "strategische Gremie" gschaffed.
	Au dGewerkschaft Unia teilt de Entscheid für es Abkomme, wo de Lohnschutz respektiert.
	dBiodiversität seg debii wie de Eiffelturm in Paris.
	dMobilität söll gwährleischted si, de Vochehr rolle, au uf de Stross und de Schiene.
	Soziale Uusglich: Es goht nöd nur drum, dass dUnternehmesstüüre massiv gsenkt werded.
	Um sie im Arbetslebe zbhalte zchöne, seg allerdings dWirtschaft gforderet.
	Kritischi Stimme zur kapitalistische Wirtschaft, wo wachst, ohni nochhaltig zsii.
	Die Unternehme münd dLieferchetti zruggvofolge chönne und e Risikomanagment ha.
	Das seg tüür und schrecki villi Investorinne und Investore ab, so de Schemmel.
	Für de ehemolig UBS Chef Peter Kurer chönt demit dKarriere zEnd goh.
	Jöhrlich wanderet netto no immer 50'000 Mensche id Schwiiz ii.
	Entsprechend sind dBestellige bi Schwiizer Zueliferer bereits etz teils dütlich zrugggange.
	Immerhin seg dEntlöhnigsfrog thematisiert worde.
	Vonere neue Diskussion über e bedingigsloses Grundiikomme ganz zschwige.
	sFreihandelsabkomme, de für dExportwirtschaft wichtigscht Votrag, wird uf kein Fall tangiert.
	sRentealter sött i Zweimonetsschritt langsam erhöht werde, sodass es 2032 bi 66 Johre liit.
	Bim Aktiehandel und Risikomanagement, bi de Uswertig vo Chundedate und schlicht bim Iisatz vo "coole" Tools.
	Di Riiche werded immer riicher, di Arme immer Ärmer.
	De Rohstoff für de Iisatz vo künschtlicher Intelligenz isch i praktisch jedere Branche vorhande.
	Au Umweltproblem lönd sich i de Auge vom Rösti dur dBesiitigung vo de Personefreizügigkeit löse.
	Meh als en Drittel vo de Schwiizer Bevölkerig lidet unter Newsarmuet.
	dUSA werded a demjöhrige Weltwirtschaftsforum i Davos votrete si.
	"Es entspricht emne 70 bis 80 Prozent Pensum", seit öpe dSP - Ständerotin Pascale Bruderer.
	Entwickligsökonomin Dina Pomeranz klärt uf.
	Sind dSparer dVolürer.
	Die Politik i de USA, aber au in Europa het Bedenke wege Geldwäscherei Risike.
	Das aber isch de Chern vo de Konzernverantwortigs-Initiative.
	Was isch das Global Footprint Network?
	I de Schwiiz funktionniert die Chetti sehr guet.
	Voschidene Grossaktionär vo Sunrise isch de Chauf vo UPC mit über 6 Milliarde Franke ztüür gsi.
	Unzähligi Firme profitiered vom billige Geld, Staate sind voschuldet wie nie.
	Genf prescht i Sache Uber-Verbot vor.
	No en Schritt wiiter isch me im Summer zweituusignüün gange, wos Bankgheimnis rückwirkend ufghobe worde isch.
	sAmt für Wirtschaft und Arbet weiss es nöd würkli.
	De Spar und Stüürdruck isch do.
	DNationalbank stützt ihri Uussage vielmeh uf komplexi Simulatione, wo sie dureexerziert het.
	Uber Eats weigeret sich, sini Fahrer ordentlich zvosichere.
	Er reist zemme mit Schwiizer Wirtschaftsvotreter noch Japan und denn wiiter is ostasiatische Schwelleland Vietnam.
	Si fiired di kantonal Förderig vo de Nanotechnologie im Aargau.
	sWEF untersuecht dBereich Wirtschaft, Bildig, Politik und Gsundheit.
	dSchwiiz het sit füf Johr es Freihandelsabkomme mit China.
	Scho rechtlich seg er nöd umsetzbar, wil dMöglichkeite vo stürliche Abzüg national greglet seged.
	Je früehner e Rente bezoge wird, desto höcher isch dRente.
	Hüt wird jedes zweiti Auto in Norwege elektrisch betriebe.
	Au di statistisch Hochrechnig beinhaltet e gwüssi Unschärfi.
	I ha vill Erfahrig mit em Bundesamt für Kultur und au mit Leistigsveriibarige.
	Da heisst, mir fordered dLadeinfrarstruktur durchus.
	De Iqbal Khan isch bi de Credit Suisse sehr erfolgriich gsi.
	dExport id USA stiiged ständig, dHandelsbarriere sind eigentlich recht minimal.
	Chönt de Vorschlag dAHV für längeri Ziit stabilisiere?
	Emne Schwiizer Hersteller hend si meh votraut als emne Chinesische.
	I di glich Kerbe schloht dEconomiesuisse-Direktorin Monika Rühl.
	Noch Aagobe vo de SNB blibt dSituation uf em Devisemarkt fragil und de Franke het sich ufgwerted.
	Doch lohnt sich die Tugend i Ziite vo Nullzinse?
	So wiit wie in Östrich goht dAutomatisierig aber nöd.
	Da heisst, me brücht hochseetauglichi Transportmöglichkeite.
	Alles zemme füehri zunere massive Mehrproduktion uf de gliche Flächi i de Alpe.
	dBilder sind präzis wie moderni Produktfotis mit alte Requisite.
	Und vo obe droht de Bergsturz.
	I würd das als heikel betrachte, will döt isch de Kenntnisstand vo de Wüsseschaft nöd so eidüütig wie bim Klimawandel.
	Im Februar 2002 sind über 750 Mensche i Gwahrsam gnoh worde, will sie sich a de vobotene Protest beteiligt hend.
	Dank ihm chönd üsi Zelle Nahrig in Energie umwandle.
	Und au bi de Fischer selber bliibt en recht lukrative Ateil hänge.
	"Us minre Sicht isch es es Mitenand vo de Vochehrsträger und keis Gegenenand" seit de Burgener.
	Pilotprojekt für vier Johr im Januar started sPilotprojekt "Chance KSR" mit 24 Chind.
	Für sie sind Fahrer Agstellti, entsprechend müessti Uber Vosicherigsbiiträg für sie zahle.
	Au de mexikanisch Staat tuet sich mitere Berücksichtigung vo de Nochkomme vo de indigene Völker schwer.
	Er rekonstruiert für sini Arbete echti Diäte vo Stars us Kultur, Politik und Wüsseschaft.
	Vili Olivenöl vo de Qualität "Extra Vergine" gnüeged de gsetzliche Aforderige nöd.
	Will dSekunde spielt e wichtigi Rolle i de Metrologie; De Wüsseschaft vom Messe.
	Und me sött endlich mit de Subventionierig vo fossile Brennstoff ufhöre.
	Es isch aber chum zerwarte, dass dNASA die rund 25 Milliarde US-Dollar zuesätzlich bechunnt, wo sie für da Projekt kalkuliert het.
	Im Betrieb macht er de Powernap uf em betriebseigene WC.
	So flüüst en Teil vo de Iinahme ad Mehrwertstüür direkt id AHV, da isch i de Bundesvofassig so festgleit.
	Di drü Medizin-Nobelpriisträger hend i Grundzüg erforscht, wie de Notbetrieb funktionniert.
	De digitali Wandel warted nöd uf dSchwiiz.
	Dezue isch en Arbetsgruppe zum Thema künschtlichi Intelligenz iigsetzt worde.
	Fascht en Viertel vo de Meitli und junge Fraue liidet regelmässig a Chopfschmerze.
	Me mue berücksichtige, dass dForscher i de Regle nöd Tierärzt oder Ethnologe sind.
	De Bassetti isch überzügt, dass em Schlof scho bald di glich Wichtigkeit zuegsproche wird wie de Ernährig und de Bewegig.
	Wo dSpanier in Mexiko acho sind, hend im Riich vo de Azteke öpe 25 Millione Mensche glebt.
	Wie funktionniert sPeriodesystem?
	Wele Effekt hend dSanktione, wo dUSA vohängt hend, uf dEnergievosorgig vo Venezuela?
	Gspröch mit de Astrophysikerin Kathrin Altwegg.
	Fleischzartmacher finded sich zum Biispill i bestimmte Gwürzmischige, es git sie aber au pur zchaufe.
	Worum kollabiert jetzt di gsamt Erdölproduktion?
	En Chratzer im Holz isch e weniger grosses Problem als en Kaffifleck ufme helle Teppich.
	Aber dZemmesetzig isch ziemli komplex.
	dSimonetta Sommaruga: I bi sehr froh und dankbar über dArbet im Ständerot.
	Si isch es Symbol für dFruchtbarkeit.
	dIsraelis wüssed, dass sie under emne neue US-Präsident vilicht nüme mit dere massive Unterstützig chönd rechne.
	Er glaubt, dass bim Hulk sine Vowandlige jewils alli rote Bluetkörper zerdrückt werded.
	Pro Hoor sind dChräft voschwindend chlii.
	Wenn dTier us Nochzuchte stamed, halt i Aquarien für relativ unproblematisch.
	Me cha de Iidruck ha, es handlet sich um es links Aaligge.
	Hunderti Heuschrecke sitzed ufm Feld, fasch nur ufenand, sie paared sich, leged Eier.
	Und en Bueb weiss scho etz, dass er mol Informatiker wott werde.
	dZiegel het de Robert Koldeway gfunde, eine vo de begnadetschte Archäologe vo sinre Ziit.
	Es isch immer Teil vo Machtstrukture.
	Betroffeni seged, Facebook macht zwenig geg Hasskommentar uf Schwiizerdütsch.
	Alpinismus isch viel meh, als sich i de Berge uusztobe, seit dSAC-Präsidentin Francoise Jaquet im Interview.
	Er setzt degege uf dEigeverantwortig vo de Chatzehalter: Sie sötted ihri Tier kastriere.
	Aber sTestergebnis wiist uf Europa hii, uf Griecheland.
	Wer US-Technik a Huawei vochaufe oder transferiere wött, mues e Lizenz erwerbe.
	Au für Meitli: Nano-Technologie erreichi nöd nur Buebe, sondern au Meitli, isch de Christoph Meili überzügt.
	De belgisch Schöferhund treit e vonetzti Brille, dur weli de Hundefüehrer gseht, was de Fusil gseht.
	Und dass me mit de beste Mittel handle müend, wo üs dWüsseschaft zur Vofüegig stellt.
	Sie füehli sich sehr geehrt dur de Priis, seit sie, und dass sie etzt quasi zu de Creme  vo de schwiizer Wüsseschaft zehli.
	De Scott kümmered sich au um dEmulation vo de Games: Er stellt sicher, dass dSpiel im Browser vomne moderne Computer laufed.
	Aber grad i de grosse Schwelleländer würs sich lohne Patent azmelde, seit de Jank.
	Trotzdem rötled dWüsseschaftler, wa di eine Koralle sterbe loht, während di andere sich wieder erholed.
	Und de Umgang mit Baugsuech isch nöd klar greglet.
	De Benjamin Dubois isch de Leiter vo de Blockchain-Abteilig vo Nestle.
	Holz isch e votrauts Material und au eis, wo schön älter werde cha.
	Die sött gnutzt werde, um dUmgebit vo de Erdbeeri zerwärme.
	Die Zelle werded mitme Schredder voquetscht.
	Au Comicfigure oder grobschlächtigi Animatione ghöred zu dere Kategorie.
	Mir bruched neui Impüls, um no länger zlebe und no besser zwerde.
	Bis öpe 65-Zoll-Bild-Diagonale heged di meiste Displays en "faire" Priis, meint de Luca Fontana vo Digitec.
	E gmeinsami Sproch, quasi sEsperanto vom Internet, isch erschaffe worde.
	Vorerscht kei Antwort hets vo de Hersteller Brother und HP geh.
	Was bedüted das konkret?
	Aber sie mit Studie begleitet, bis me e grossi Sicherheit het dass dInnovation en Mehrwert het.
	Wie wür e Tech-Diplomatie usgseh?
	So wird amne Lebeselixier tüftled, wo üs ewigi Jugend söll schenke.
	Er het 1994 am Massachsetts-Institut für Technologie in Cambridge promoviert.
	Wenn sStroh vobrucht isch, rutschts vonellei immer wiiter i de Bereich mit Betonbode.
	Allei de Dow-Index het sit sim Rekord bi 27'398 Pünkt mitti Juli etz scho sechsehalb Prozent volore.
	Istagram wird also no Überzügigsarbet leiste müesse um sVertraue vo de Awender zgünne.
	Bimne tüüre Abüter wie de Swisscom wär da fatal.
	Zwölf Millione sinds EU-wiit gsi und weltwiit sind über 100 Millione Tier gstorbe.
	dFormel 1 öpe wött bis 2030 CO2-neutral werde - und demit vo ihrem Ruef als Klimasünder loscho.
	Mit es biz Glück publiziered mir Ihres Bild am Schluss vo dere Wuche.
	Selbst de Photoshop Hersteller Adobe weiss nöd, wie dTechnolgie gnau funktionniert.
	Weltrumsegle: Wie bim Segle ufme Boot sött de erhöhti Widerstand gnutzt werde.
	Eis Biispil: de Jeffrey Ferpozzi us Züri het im Oktober 2019 für di jung SVP kandidiert.
	Vil Fachlüüt hend am internationale Tag vo de ältere Generation dShow-Wohnig besichtigt.
	Chrankheite, Umweltkatastrophe, Hunger.
	Da isch au de Grund, wieso sich all die Forscher und Ingenieure im Tessin troffe hend.
	Statdesse isch üses komplette Vohalte ufere Websiite analysiert und a Google gschiggt worde, wame wo bsueched und aaklicked.
	Umgekehrt würded Forschigsergebniss nöd i de Praxis aacho.
	Unterschidlichi Projekt hend sich das Ziel gsetzt.
	Die sind sit 100 johr im Iisatz bi de SBB und hend sich i dere Ziit praktisch nöd veränderet.
	Churzum: Es handlet sich um Ablenkige und Verfüehrige.
	Andersch als in Europa müend Unternehme ide Schwiiz nöd di explizit Iiwilligung für Stimmprofil bim Chund iihole.
	Die isch bi klimapolitische Froge eher uf dBrems trete.
	Drum propagiert er Gasherd.
	De Grund: En Grosschund seg abgsprunge, wa Uusfäll i Millionehöchi noch sich zieh wür.
	I mag ihri Spielphilosophie.
	En Duschchopf mit iibbaute Sprochassistentin?
	Sunrise het de Aafang gmacht, dSwisscom isch am Schluss vom gliiche Monet nochzoge.
	Wür de Grenzwert erhöht werde, müessted dTelekomunternehme weniger Antenne installiere.
	Do logiert de Brit John Tyndall, en Pionier vo de Klima- und Gletscherforschig.
	Dezue langts, es Smartphone aazlüüte.
	Zur Ziit isch dSchwiiz bi 5G weltwiit füehrend.
	Es zuesätzlichs Problem sind die Spezies-Unterschied.
	Zu ihre Forschigsschwerpünkt zehled dPhilosophie vo de künschtliche Intelligenz und au Roboterethik.
	Er sött de Ständerotssitz, wo dFDP vor acht Johre volore het, zrugghole.
	sCERN vobrucht mit sinre Forschig e Terrawattstund Strom pro Johr.
	Zwor löst me hüt dBillet andersch, es git Apps
	Will ihri Existenz isch vonre intakte Umwelt abhängig.
	Bi dere Windenergie herscht sgliche Bild.
	Wie lang gohts denn no, bis es no meh Elektrobuesse im Aargau git?
	Im Rahme vo ihrere Medietechnologie-Initiative schafft dETH Züri e neui Professur und es "Media Tech Center".
	Isch das reini Hellseherei oder seriösi Wüsseschaft?
	So schriibeds dForscher i ihrem Artikel fürs Fachmagazin "Nature".
	Da chönt luut de Berghilf existenzsichernd si.
	Oder si werded kritisiert, will ihri statistisch Analyse nöd hieb- und stichfest isch.
	Weltwiit ghört sie zu de meist zitierte Forschende uf ihrem Gebiet.
	Gad zwei Kantön treted bi de neue superschnelle Handy-Technologie uf dBrems.
	Wo am Afang sPlanetesystem bildet worde isch, isch en Planet vo de Grössi vom Mars id Protoerde prallt.
	dPhilantropie isch e bizeli au es Statussymbol.
	I dem Stadium sind dInsekte am eifachschte zbekämpfe.
	Di branchenübliche Wiiterbildige all zwei Johr gits nur für Männer.
	Für Profitmaximierig mit Hilf vo künstlicher Intelligenz het aber Entscheidendes gfehlt.
	dSSO- Hygienekommission wür etz abkläre, wie dWasserqualität i de Zahnarztstüehl chönt vobessered werde.
	Si het au vo de ETH intensivi Vobindige zur Wirtschaft hergstellt.
	Für dJacquat het en abentürlichi Recherchearbet agfange, wo sie am Schluss zum Josef Hanel gführt het.
	Di verantwortliche seged, sie wend sPublikum für de Schutz vo de Meer sensibilisiere.
	Johrhunderti hend anderi Naturforscher de Alpinismus prägt.
	E wiiters Biispil für en Wüsseschaftler, wo sehr schnell reagiert het, isch de Neil Ferguson vom Imperial College London gsi.
	Wenns so bliibt, chönt di global Erwärmig um 3.5 Grad oder meh zuehneh, warnd dUnep.
	Es git e strategischi Partnerschaft im Bereich Innovation.
	Sie sind sganze Johr über i üsne Breitegrad aaztreffe.
	Döt isch sit vier Johr en Stroftatbestand zu Cybermobbing i Chraft.
	Will dKI Community trifft sich regelmässig uf internationali Konferenze.
	Sit i die Beobachtige mach, nimi Pflanze ganz anderscht wohr.
	Es gebi zwenig wüsseschaftlichi Bewiis, dass sPflanzeschutzmittel Chrebs erzügi, hets damals gheisse.
	Under de Naturwüsseschaftler isch di neu Professur höchscht umstritte.
	dKathrin Altwegg isch Astrophysikerin und Professorin a de Universität Bern.
	Ihre Blick uf dIndividualisierig.
	Drum wür dStudie dTemperature bis zu 2000 Meter Tüüfi umfasse.
	Wenn en Algorithmus scho vo falsche Aanahme usgoht, chönts Resultat fatal usfalle.
	sZentrum het sit sinere Gründig 2013 total 371 Nanoprojekt understützt.
	Zur Ziit tested er mit Forscher e chlini Solarstromalag im Parsenngebiet oberhalb vo Davos.
	No betreit dIisdicki do 600 bis 700 Meter.
	Uf em Dach vo de alte Dorfschuel gad nebed sim Hof wött dSwisscom e 5G-Antenne installiere.
	De Hirnforscher Peter Gerjets über dUswirkige vo de Digitalisierig ufs Lese.
	Jetzt trainiert de 32-jöhrig für de Cybathlon 2020 vo de ETH Züri.
	Spotify - Es Schlaraffeland für Musigliebhaber.
	dPage het damals vo de Google- Spitze in Chefposte bi Alphabet gwechslet.
	"Denn müestemer usefinde, wiemer dTechnologie chönt vobessere.
	Ab dem Johr gilt etz en neue Zielwert vo nur no 95 Gramm.
	Me chönt öpe e gueti Kombination schaffe, um mit Vorarbeite i de Zellkultur einiges a Tiervosüech zumindescht zreduziere.
	Es sind dBerner Chraftwerk selber gsi, wo dAbschaltig beschlosse hend.
	Will vill Dienscht, wo me hüt nutzed, funktionniered nur mit Hilf vo Satellite.
	De Roboter weiss denn, wenn en Gegner hässig oder müed isch und cha immer meh Spielzüg vorussäge.
	Komplexi Vopackige werded immer schwieriger zum Entsorge.
	Wieso isch die Parallele zwüsched Gott und em Internet so prominent?
	I de Schwiiz produziered über 500 Unternehme Teil für dAutoindustrie.
	Er nutzi öpe Twitter, us Facebook heg er sich aber usklinkt.
	Oder denked sie a Rollstuehlfahrer, wo Hilf bim II- und Uusstige bruched.
	Bevor me di digitale Applikatione vogliicht, mueme au die Unterschied gseh.
	Eifach so loht sich das milliardetüüri Forschigszentrum zwor nöd umbaue.
	Da isch wichtig für dGlaubwürdigkeit.
	Wa gits bim Uufbau vom 5G-Net für Alternative zu Huawei?
	Wie sehr dörf sich das Büro etz verändere?
	Hersteller wie VW, Tesla oder Opel vospreched ihrne Chunde e Lebensziit vo acht Johre.
	dSoftware erkennt i de Stimm, ob öper truurig oder hässig isch.
	Hüt mueme monatelangi Kontäkt via soziale Medie füehre, ähnlich wie amne Familietisch.
	dSIX gseht sich gegenüber de amerikanische Techgiggante durchus im Vorteil.
	100 Millione hend es Abo abgschlosse, de Rest nimmt Werbig in Chauf.
	dSwisscom seg uf Kurs, e Bevölkerigsabdeckig vo 90 Prozent zerreiche.
	Asiate heged en andere Umgang mit digitale Date als mir in Europa, erchlärt de Remo Burkhardt.
	I de USA wird über Google und Facebook guet zwei Drittel vo de Werbig im Internet gschalted.
	Schlau dank Schwiizer Knowhow: Sprochassistentin Siri
	Da heisst, jedi Behörde bearbeitet dDate, wo sie zum Vollzug vom Uftrag bruched.
	Dass no alli Drohne am Bode seged, bis die definitive Ergebniss de Untersuechig vorliged, seg e freiwilligi Vorsichtsmassnahm.
	dStüürig vo de Motore oder de Chüelsystem hend dStudente selber programmiert.
	Anderi nenned sie dKalaschnikow vo de Luft.
	En gsetzliche Rahme für Buesse geg lästigi Raucher gits erscht mol nöd.
	Drin wird vo de Kantön e gmeinsami Versorgigsplanig und interkantonali Absproche volangt.
	In Graubünde wennd 30 Lüüt meh i de Nationalrot als no im Johr 2015.
	In Bellinzona isch de Triebzug us em Huus Stadler Rail dtauft.
	Villicht sind drum im Schrebergate Brüederholz bi Basel fascht meh Kantonsflagge zgseh als Schwiizerfahne.
	In Chur hät sichs sStimmvolk für e neue Brambrüeschbahn uusgschproche.
	Spannig pur au bim Ständerot: Fascht dHälfti vo de Amtierende tritt gar nüme ah.
	Di monatliche Chöschte für d'Iistallig vomne Ross sind sehr höch.
	Sit 15 Johre engagiert er sich im Vorschtand vo de Vereinigung für de Schutz vo de Oberengadiner Seeelandschaft.
	Es git voschideni Gründ, wieso öper in Administrativhaft cha cho.
	Ganz a la Hollywood söted i de Hügel vo Spreitebach grossi, wiisi Buechschtabe throne, wo sWort "Limmattal" bilded.
	De Fachchraftmangel triibt dSchwiizer Wirtschaft scho einigi Johre um.
	En Stadt-Land-Grabe chame im Kanton Aargau drum nöd erchenne.
	Will im Moment münd di Lernende im Unterwallis a bis zu zwei Täg pro Wuche id Schuel.
	Er wird, wieni, woni id Schwiiz cho bi, e Helvetisierig duremache müesse.
	Allerdings, günstig isch de Schiischueh usem Drucker nöd, will jede Schiischueh es Einzelstück isch.
	Im ganze Kanton Aargau wird momentan untersuecht, weli Uuswirkige sTempo 30 uf dKantonsstroose het.
	Luzern, Obwalde, Zug, Schwyz und Uri liged au wiit vorne.
	I beide Fäll hend dTäter mehreri zähtuusig Franke erbüted.
	dStimmbevölkerig git etz grüens Liecht für das Vorhabe.
	De Berset het vorme Automatismus gwarnt.
	Um de chöne zrealisiere, müest er in Richtplan vom Kanton Glarus ufgnoh werde.
	dSchwiizer Wirtschaft erhofft sich vo dem de Abbau vo Zöll und Handelsbeschränkige.
	sBundesamt für Bevölkerigsschutz het sie unterstützt.
	Au e generelli Erhöhig vom Rentenalter 67 für Männer und Fraue lehned 55 Prozent ab.
	I de Oschtschwiiz taucht immer wieder de Vorschlag vomne Grosskanton Säntis uf.
	So isch im Wallis öpe dKantonsstross zwüsched St. Niklaus und Zermatt gschperrt worde.
	dGI-Standort Rhiifelde und Wohle falled weg.
	De Name isch us de Wortschöpfig vo Swiss und Knife entstande.
	E tolli Gschicht.
	DMüeh het sich aber uuszahlt: Hüt sind sini Schof sicher.
	Andrersiits het de Bundesrat vo de Post verlangt, bim Betrieb en Gwünn z'erreiche.
	De Jazzcampus in Basel oder sToni Areal i Züri strahled Prestige us.
	De Engadiner Riet Campell het de Bruef vom Schiilehrer i de Schwiiz massgeblich prägt.
	dHeilsarmme het mitteilt, dass Sie sBeschwerderecht wahrneh wird.
	Rund 90 Prozent vo de vom Rhiitaal i St. Galle hergschtellte Industriegüeter würed exportiert werde, het er gseit.
	Agstrebt isch au e Fusion zwüsched de Schuel für Gstaltig in Aarau und de Bruefsschuel Aarau.
	Bis etz isch Brugg im Gegesatz zu de grössere Aargauer Städt Aarau und Bade nöd gad als Fescht-Metropole bekannt.
	De Grund, wieso ihre dWinterthurer Behörde de Schwiizer Pass verweigeret hend, weiss sie bis hüt nöd.
	Zum Biispill im Ruum Walesee oder i Sang Galle - Appenzell.
	sBerner Sozialamt isch am Mäntig morge für e Stelligsnahm nöd erreichbar.
	dSchwiiz het mit de EU speziell uf ihri Bedürfniss zuegschnitteni Verträg, dBilaterale eis, abgschlosse.
	Us Sicht vom Schwiizer Bevölkerigsschutz isch das Szenario durchuus realistisch.
	de Usländeraateil a de Bevölkerig bliibt demit stabil bi 25.1 Prozent.
	Fascht 200 Millione Franke het sPostauto i Form vo überhöhte Subventione erschummlet.
	Ein Kanton, wo gnau da vosuecht het, isch Obwalde.
	Zuedem müst sReferenztarifsystem aapasst werde.
	A söttige Ort chöntme Agebot für rätoromanische Chind schaffe.
	Highlight vo de Uusstellig sind dSense.
	De Volksvorschlag isch mit 129'336 164'927 zu hundertnünezwanzgtuusig drüühundertsechsedriisg Stimme in Bach abe gschiggt worde.
	De Vochaufspriis vomne GA isch maximal 6300 Franke für di 1. Klass.
	Gegenüber "Kassesturz" seit si weg em laufende Verfahre nüt.
	Mit de AHV-Stüürvorlag hend de Bundesrot und sParlament über dParteigrenze use chöne überzüge.
	Zwor isch sLäbe für Künstler in Basel tüürer als in Berlin.
	Bi de a Masere erchrankte Lüüt handlets sich nöd nur um Chinder, sondern au um Erwachseni.
	Devo het au Zug profitiert.
	I de Berge sind Windspitze vo 170 bis 200 km/h gmesse worde.
	dAbstimmig beeiflusst immer no de Alltag.
	Ganz egal ob im Garte, ufem Flachdach oder vorem Fenschter.
	E Beschwerde bim berner Obergrit isch nötig gsi.
	Im Kanton Züri het sKantonsparlament en Erhöchig vo de Chinderzuelage um 50 Franke abglehnt.
	Im Früehlig hend dSchwiizer Stimmberechtigti das im Grundsatz aagnoh.
	Chinder und Jugendlichi söted drum weder rauche no dampfe, schriibt Sucht Schwiiz witer.
	Es het scho in 2014 sBstellverfahre im regionale Personevochehr under dLupe gnoh und en Expertegruppe iigsetzt.
	dThurgauerinne und Thurgauer sötted im eigete Kanton schaffe.
	Im Fall vom Weissenstein langts au nöd, dass de Berg i de Region Solothurn allne en Begriff isch.
	Im Dachstock vom Aabau sind im Sommer Fledermus-wiibli dihei und ziehnd döt iri Junge uf.
	dTessiner Stimmendi hend dVorlag mit 54.5 Prozent abglehnt.
	Wenn me sich di regionale Muster aaluegt, denn fallt nur Solothurn mitem höchschte Nei-Ateil uf.
	Usserdem isches e Voschwendig vo Wasser, wenn subers Grundwasser im Abwassernetz mit Dreckwasser voschmutzt wird.
	Für dFahrt uf de steile Bergstross hend öpe nur chlineri Lastwage chöne iigsetzt werde.
	I Klingnau gits nur no Sekundar- und Realschuel, Bezirkschüeler us Klingnau gönd in Bad Zurzach id Schuel.
	Worum wär e Museum mit Maschine nüme ziitgmäss?
	En entsprechendi Charta isch am Mäntig in Chur vo de Beteiligte unterzeichnet worde.
	dSprochfächer seged besser harmonisiert, schriibt dEDK inere Mitteilig.
	dSchwiizer Stüürbehörde hend Informatione zu rund 2.4 Millione Finanzkonte becho.
	Bsunders i de Dütschschwiiz hemmer zwenig Plätz für usländische Fahrendi.
	De Sturm hent bi Gurtnelle es Stromkabel vomne Starchstrommaste grisse.
	Glaubeberg chunt für de Bund weg em Moorschutz nöd i Frog.
	E fraktionsübergriifendi Interpellation vo voschidene Rotsmitglieder verlangt Antworte.
	Es goht um üseri Altstadt und es sött es Neus entstoh.
	Das steigeret gmäss Hermann dAttraktivität vo de Bundespolitik.
	Zuedem söttet sie zum Teil über Operationssäl für ambulanti Iigriff verfüege.
	Er het si di ganz Ziit und lang aagluegt.
	I starr id Wiiti vom Ozean.
	Es isch sehr peinlich, alli starred mi ah.
	Me sind a dem Obig zwiit gange.
	Nochdem er lang gschwige het, hani ihn schliesslich gfrogt ober hüt mit mir mag weggoh.
	Si lerned alli fliisig und göhnd nie weg.
	I de unmittelbare Nochchriegsziit sind dFahrgastzahle wieder gsunke, au de Güetervochehr het abgnoh.
	dFinanzkrise vo de Kalife, dTüürig und dHungersnöt hend wiiter abgnoh.
	Sit döte het sie starch abghno.
	Sit döte het dZahl vo de Sorbisch-Sprecher starch abgnoh.
	Churz vor sim Geburtstag het er sich dHoore abgschnitte.
	Imne Vergliichsflüge für dAeroflog hend beidi Type guet abgschnitte.
	So gemein wie de Felix isch, het er ihn sicher absichtlich gschadet.
	Denksch du das öpert ihm absichtlich gschadt het?
	Wies sich ghört, het der de Aatrag gnueg früeh iigreicht, trotzdem het ihn dGmeind abgwise.
	Noch langem hin und her hemmer üs entschide, di endgütlig vom Verein abzwiise.
	dVelofahrer vor ihm wiised ihn dütlich ab.
	Er brüllt ihn a, er riibt ihm dBrust mit Öl ii.
	Usserdem brüllt er sie a und führt de Prozess bsunders unsachlich.
	E wiiteri Zeichnig düted di heller Fellfarb vo de Buuchsiite vo de Wildpferd aa.
	dNachttemperature sind durchus agnehm.
	Vomuetli spillt di ziitlich Variation vo de Frequenze in Hinsicht vomne unagnehme Empfinde e beachtlichi Rolle.
	Vowandlig sTheater vowandlet sich in en agnehme Garte.
	Dur entsprechendi Dosierig chönd erniedrigti Serumspiegel uf Normalwert aaghobe werde.
	Er hets im Norde ghobe und im Süde gsenkt.
	Scho als Chind het sie sich typisch wiiblich kleidet, so oft wie sie het chöne.
	dPleura überzieht dLunge und chleidet de Brustruum vo Inne a.
	Vier grossi Schiiwerfer hend damals dStross guet aaglüchtet.
	Plötzlich wird sie im dunkle vonere Taschelampe aaglüchtet.
	dLehrerin  het mer hüt Morge aaglüte und mir alles vozellt.
	Die chönt au uf sinere Websiite aagluegt werde.
	Coppola het sich no anderi unabhängigi Studios aagluegt.
	Nur i lueg ihn aa und voschwind churz spöter aber wieder.
	De Nis Puk het ihn luut aagschraue und gschwore, sich zräche.
	Wome übere gluegt hend, isch si ihn gad am aaschreie gsi.
	No nie het ihn öper so luut aagschraue.
	Plötzli het er mi aagschraue und niemert het chöne glaube wa do grad passieert isch.
	Mit vozwiiflete Auge het er mi aagstarrt.
	Um ihn abzlenke starr i ihn mit me bsunders hässige Blick aah.
	sOberschte Gricht het de Uusschluss aber ufghobe.
	sBundesverfassigsgricht het die Entscheidig ufghobe.
	Uf das abe het dAargauer Regierig alli Chlöster im Kanton ufghobe.
	Mir erwarted, dass ihr ständig uf euri jüngere Gschwüschterti ufpassed.
	Und i pass gnau uf, damit i entscheidendi Wendige überhaupt mitbechum.
	Di offene Sandale vo de letschte Saison wird i nomol so richtig bruche.
	Bis i wieder Geld zum iichaufe ha, sind mini Schueh scho lang ustreit.
	Am Wuchenend dümmer zemme mit de Familie richtig guet zmorge esse.
	Nochdem i richtig guet zmörgelet ha hani chöne gstärcht in Tag starte.
	Scho wieder isches de jüngscht gsi wo am Esstisch sis Glas usglehrt het.
	Da cha nöd si, ihm isch no nie öpis usglehrt.
	Scho vo wiitem hani chöne erchenne, dass er sini Fläsche wird uusleere.
	Er het sin Chübel uusgleert, als wür er das scho sit Johre mache.
	El Greco het viel religiösi Bilder und Portraits usgmohlt.
	E wiiteri Bsunderheit vo der Chile sind dWandmolereie: Si sind mehreri Mol usgmohlt worde.
	I mol sehr gern dFigure i de Molheft us.
	Du malsch jo sehr bunt us.
	Rüef doch nöd immer gad us, da goht mer scho sehr uf dNerve.
	Noch jedem Foul rüeft dMenge sofort us, de Schiri het kei Ziit zreagiere.
	Zugtier hend sich noch ihrere Pause uf Sardinie vollständig uusgrueht.
	Jo i rueh mi gad us, noch wa gsehts denn susch us?
	Du ruesch di usgrechnet jetzt us obwohl mir gad wend ufbreche.
	Scho wieder isches de jüngscht gsi wo am Esstisch sis Glas usgschütted het.
	Da cha nöd si, er het no nie öpis usgschütted.
	Er het de Chübel usgschütted, als wür er das scho sit Johre mache.
	I ring euri Chleider nöd us.
	I ring mini nass Chleidig us.
	De Tom het sTuech usgrunge.
	I ha mini Chleider usgrunge.
	Er ringt nüt us.
	Si zieht irem Baby gad dChleider us.
	Du ziesch si doch besser us.
	dJoyce bhauptet, dass sin Uftrag vo Shakleton ihm dKontrolle über sämtlichi Schlitte-Aktivitäte git.
	Je länger i leb, desto weniger behaupt i dGedanke vo Gott zverstoh.
	Du behauptisch, dass er das i füf Einzelbilder cha bewältige.
	No hüt isches Hotel noch de damals asässige Coroados-Indios benannt.
	de Reid het di erschte systematische Studie über de Berg gleitet und de gröscht Gletschter benannt.
	Andrersiits werded au für de Iisatz als Server wiiteri Funktione bereitgstellt.
	Dur de Iisatz vo Energiepflanze stelled Energieträger umweltverträglichkeit bereit.
	Im Familiedrama wird en Stüüritriiber portraitiert, wo beschuldigt wird, Bestechigsgelder aagnoh zhah.
	Wegem Interessekonflikt beschuldiged sie mi, interni Polizeiakte zugunschte vo sine Mandat verwendet zha.
	De hageri, schlanki Neumaier het dur sini Rueh und Übersicht sowie e guets Stelligsspiel überzügt.
	Spöter het sich usegstellt dass de Richter damals bestoche worde isch.
	Am Obig het de Papst mit Jugendliche i de Innestadt vo Madrid de Krüzweg betted.
	Si heged under Wassermangel glitte, drum hend sie zur Muetter Gottes betted.
	Sini Ziitgnosse hend ihn als en glänzende Geist, aständig und vernünftig gseh.
	Dezu luegt me die folgende Sätz ah.
	Bi jeder Wahl betracht i sProgramm und Füehrigsteam vo de jewiilige Partei.
	de Rupert het mitbecho, dass dPam sin Vater mit sim Fründ betrügt.
	So fühli er sich empört und betroge, dass das plötzlich als falsch deklariert worde isch.
	Me betrügt die ums Honorar wo ihne zuestoht.
	Di erschte elektrische Bügelise hend no kein Thermostat gha.
	Da het em Flugzüg de Spitzname "Bügelise" geh.
	Fürs Bügle chömed handelsübliche Bügelise zum Iisatz.
	Di imposant hölzerni Synagoge isch abebrennt worde, de jüdisch Friedhof demoliert.
	de Morgethalter isch wutentbrannt i dWohnig vo de Büehrer iidrunge und het si zum Teil demoliert.
	Döt hend dDemonstrante Barrikade errichted und Amtsgebäude demoliert.
	Denn dreiih sich für ihn dZiit zrugg.
	I de autobiografische Jugendbüecher "De weg übere", "Und jetzt dFreiheit"?
	Döt ene het si sich müese e neui Existenz ufbaue.
	Notwendigs Know-how vo usländische Firme wird dur Beteiligunge iikauft.
	Döt sind im dFundstück zeigt worde und er het sich sCodex-Fragment iikauft.
	Schlittschüele isch in Lemmer Volkssport.
	Im Winter chame ufem See schlittschüele.
	Sie muess de Mensch als Ganzes ernscht neh gnoh ha.
	Gliichziitig het me dSorge vo de Bürger ernscht ghoh.
	De isch voschrocke und het sich überleit, wie er de lästigi Gast schnell wieder het chöne loswerde.
	Und i bi voschrocke.
	De Buur isch voschrocke und het dNotburga zieh loh.
	Di kämpfend Jugend erschreckt de Tod nöd.
	Er het si voschreckt.
	Langi Chrankhet het er bis zum Endi vo sim Lebe geduldig ertreit.
	Ich erträg dTrägödie vo mim Volk.
	De Sam Bellamy isch votrunke, nur zwei Männer hend sich chöne rette.
	sAuto isch mit beidne in Mississippi gstosse worde, wo beidi votrunke sind.
	dErnte isch vonichted worde und sVieh isch votrunke.
	I votrink bi Poel und wird nocher im Wismarer Franziskanerchloschter beerdigt  werde.
	Au vo mobile Aalage zur Produktion vo chemische Kampfstoff het er vozellt.
	De Dekan het Vorbehalt, aber de Silver het em Woodland devo vozellt.
	Susch vozellt de Film im Chern en identische Gschicht wie de Mister.
	dBombe het dDecki durchschlage und isch im Inneruum explodiert.
	Dur es Handy het er e Bombe, wo am Lastwage instaliert gsi isch, aazündet, wo explodiert isch.
	Dur de Schriit explodieret di eh scho enorme Chöschte nomol.
	di explodierend Granate het de Wal schneller tötet.
	Nöd selte werded unbeliebti Präfekt vom Kaiser au als Buureopfer falle gloh und töted.
	De Plan isch falle gloh worde.
	Er hett Türklinke so igfettet, das sie nüme quitscht het.
	I fett gad mini Velochetti iih.
	Mit voller Chraft het er dFläsche i de Hand ghebet, als ob er Angscht het, dass si ihm öpert wegnimmt.
	Mir hend dTüte fescht ghebet.
	De ältischti Sohn Leon flirtet heftig mit ihre und sie erliegt bald sim Charme.
	No vorem Mauerbau isch sini Familie mit Ihm uf West-Berlin gflohe.
	I flücht i de letschte Chriegstäg über di sogenannt Rattelinie Nord noch Flensburg.
	Als Obschtchueche oder Früchtechueche werded Chueche vo voschidene Zuebereitig mit frischem oder konserviertem Obst bezeichnet.
	Während de Gfangeschaft het er regellmässig Fuessball gspillt, aber nur uf Sand.
	I spill nüme ufme höche Level Fuessball.
	De Marcel Philipe isch gfange gsetzt worde, zersch in Saint-Denis, denn in Grasse.
	Ufere Wiese schlofend werded sie denn aber gfange gnoh.
	I de folgende Johre sind dBsuecherzahle liecht zrugg gange.
	De Mackinder isch am Epsom College und de Christ Church in Oxford id Schuel gange.
	Aschlüsend ischer uf Warschau gange.
	Es paar Stück gönd aber au i Richtig Blues, Acoustic, Folk oder Funk.
	Sprecher betoned, es goht nöd drum, Schuldigi zbenenne, sonder Ufklärig vorazbringe.
	Viel Know-how isch während em Chrieg und de Besatzigsziit verlore gange.
	dBetriibergsellschaft vo de Hamburg-Bergedorfer Isebahn isch i de "Berlin-Hamburger Eisenbahn-Aktiengesellschaft" ufgange.
	Si ghorched im Chriegsfall amne Banneret, wo ihri Lanze zumne Banner vereinigt het
	De Graf het sich oft mitem Kaiser gstritte und het sine Befehl und Awiisige nöd befolgt.
	Em Rueff vom Herr folg i in Demut und Ergebig.
	Si folged debii nöd de normale physikalische Gsetzt.
	De Dagobert Duck giizt immer no ständig obwohl er so viel Geld het.
	Dur da, das er so sehr giizt het het vill Geld chöne aaspare.
	De wird aber bimne bewusst herbiigführte Autounfall schwer voletzt, dRöntgenufnahme werded gstohle.
	Die werdem dem schwervoletzte Bote noch emne provozierte Autounfall durch Handlanger vo de Baufirma gstohle.
	Über de andere Schultere treit sie e Täsche us wulle mit de gstohlene Organ drin.
	Wo si si nomol inegholt hend, rammed si ihres gstohlene Auto mehrfach mit voller Wucht.
	Zum Teil hend Höf möse ufgeh werde, wo Johrhunderti im Familiebsitzt gsi sind.
	Im wird fälschlicherwiis nohgseit dass er ein Raubritter gsi isch.
	Er isch au im Verdacht gstande, massgeblich a de Kiessling-Affäre beteiligts zgsi si.
	Me het di sterbliche Überrescht vo siebe junge Männer usgrabe.
	De Muulwurf grabt sich dur dErde.
	Selbstversorger chönted do grillt oder es Füür entfacht ha.
	I grill grad sFleisch, spöter chömed no dPilz dezu.
	Uf de Truurfiir het de Halbe dGedenktafle ghebet.
	Er hebt de Chübel i de Hand.
	Er het nöd vorsichtig mit de Vase hantiert, drum isch sie ihm au kaputt gange.
	Sie schafft sehr hart für ihres tägliche Brot.
	Er schloft scho sit Stunde, will er gester hart gschaffed het.
	Si het ihres Chind usem Chinderwage ghebed.
	Voller Stolz het er sin Priis id Höchi ghebed.
	Si beschränkt ihri Ussagechraft uf Produkt, wo si effizient in Masseproduktion hergstellt het.
	I stell die Grät her und vochauf si.
	Wo me de Brunne nonig gschlosse het isch öper abegheit.
	Nochdem er abegheit isch het er sich sBei broche.
	dJuniore ufem Fuessballplatz sind di ganz Ziit gheit.
	Nochdem de Bueb abegheit isch het er müesse in ohrebetäubender Luutstärchi dur de Zug brüelle.
	Sin Fründ und Wegbegleiter isch immer no so langsam hiighocked.
	Nei er het sich jetzt halt mol döt ane ghockt.
	hesch au de luuti Knall gest am Morge ghört?
	I los amel vorem IIschloofe Mozart.
	Sini künstlerische Schwerpünkt sind Neui Musig und au sini Musig tuet er improvisiere.
	Di meiste Szene und Dialög sind improvisiert.
	I improvisier da Stück grad noch minre Luune.
	Also I vostoh da grad inhaltlich überhaupt nöd.
	Hüt hani i de Schuel scho wieder gar nüt voschtande.
	Jo i glaub jetzt hanis voschtande.
	E Flächi, wo ebe isch, chan aber stetig ohni kahli Stelle kämmt werde.
	i "wer het üsen dinosaurier klaut?
	Me goht vo Huus zu Huus und lüüted a de Türe.
	Wer het do scho wieder glüüte?
	Mini Chatz mags mega wenn me si chrault.
	Sie schnurrt immer wenn me si kkrault het.
	Sie het wieder mol ganz luut kreischt.
	Kreisch doch nöd immer gad los.
	Di chli chrüücht scho dur di ganz Wohnig.
	I bi nie kroche, sondern ha mi träge loh.
	Er het sSpreche nie erlernt, lacht nie und zeigt absoluti sexuelli und finanzielli Gliichgültigkeit.
	Die Arie " Dis Wachstum seg fescht und lach vor Lust!"
	Jede Tag mached üseri Nochbuure Lärm, es isch unterträglich gsi.
	Erscht wenn er gnueg Lärm gmacht het het er sich zfride geh.
	Laub räche zum Abfege vom Laub und em Grasschnitt vom Rase.
	Die als Federbäse, Laubbäse, Laubräche, Fächerbäse oder Fächerräche bezeichneti Uusfüehrig wird primär zum zämewüsche vo Laub vowendet.
	dFahne vo de Stadt hend uf halbmast gweht und alli Glogge vo de Stadt hend glüüted.
	Die sind mit de Schlagtön e und g abgstimmt und werded vo Hand glüüted.
	Häsch du ihn nöd ghört, er het ganz luut gruefe.
	Denn rüefsch du eifach luut noch mir.
	Es fangt langsam aa zregne.
	I mags wenns so lislig regnet.
	Es regnet liecht ufem warme Asphalt.
	Churz vor Wiehnachte schneits liecht.
	Es het nur biz gschneit aber dPiste sind scho offe gsi.
	Er goht jede Morge lislig usem Huus während alli andere schlofed.
	dChatze sind liislig uf die schutzlos Muus zuegange.
	Du gohsch liislig überem Dachbode.
	so liislig wie du gege dTüre chlopfsch wird er üs sicher nöd ghöre.
	Obwohl mir sehr liislig a de türe klopft hend, isch er voller Schrecke erwacht.
	Erscht Johre spöter het er sie endlich losloh.
	Richard I loh di jetzt los.
	dHauptawendig isch gege breitblättrigi Unchrüter wie Distle, Löwezah, Winde und Storchschnabel grichted.
	Zum Biispil bildet de Löwezah scho vor de erschte Mahd Some us.
	I ha eifach ka luscht das zmache.
	No nie hani so wenig luscht uf di wie hüt.
	vo mir us het er alles gmacht.
	Froget si minetwege dUuskunft.
	Minetwege um e chischte Champagner.
	de Laycock isch nöd i de Kutsche mitgfahre.
	I fahr lieber mit eu als mit ihne.
	Wohrschinli motzt de Rado nocher wieder, will dAmoderation nöd abgsproche gsi isch.
	Es paar hend vilicht gmotzt, aber sie würed dChlappe hebe, wenn ihne öper seit, dass dMueter Abagail und ihri Beroter i sechzg Täg für Strom lueged.
	Nochdem i vil nohdenkt ha, bin i zum Entschluss cho, dass mir so nöd wiitermache chönd.
	Du denksch afach nie noh wenn du öpis machsch.
	Hesch au amne Sahnetöpfli gnascht, Meischter.
	Schoggi hingege wird vor allem vo de Dame im Huus gnascht.
	Si nascht vo de Praline.
	Er het e Ziit lang nohdenkt, und het debii e biz vo sim Himbeerchueche gnascht.
	Die beide sind vo Tisch zu Tisch gange und hend mol do und mol döt gnascht.
	Und du hesch mi gneckt.
	Salz und Brot macht Wange rot! Het er si gescht gneckt.
	I neck ihn nur es bizeli.
	I neck di doch nur, Blödian.
	Er het ihm de Atem gnoh.
	Sliecht het ihn ufgnoh.
	Si het meh devo gnoh.
	Na ja, gnau gnoh eini.
	Er hets ghasst znüüse.
	Debii het er obe ufem Berg parkt.
	Beziehigswiis du hesch nebed ihm parkt.
	Er parkt wieder mol ufem Behinderteplatz.
	Isch de Umstand, dass sie blueme pflückt, würki es Argument defür, dass dA-Grupp de Fall sött überneh?
	Wenn me si anere Weggabelig mit drü Weg pflückt, söttetds nün Sorte Blueme si, und me dörf sie nur schwigend pflücke.
	Mir hend imne Obstgarte i de Nöchi vo de Stross es paar Öpfel pflückt und de Axel het mer eine geh.
	E Chugle het dicht nebed ihm in Pfoste vomne Vorbaudach iigschlage, di andere het ihn wiit vofehlt.
	Under dem het sich en schmiedeiserne Zuun erstreckt, vo welem dPföschte wie spitzi Lanze id Luft gragt hend.
	A de engschte Stell vom Meeresarm het sie de Pfoschte gfunde, wo dLugge i de Mangrove markiert het.
	Irgendöper pfuscht mer do is handwerk.
	I ha kei Luscht mi weg irgndeme Kerl ufzhänge loh, wo bi sinre Arbet pfuscht het.
	I mein pfusch i do in öpis ine, wo nöd usgschtande isch?
	I pfusch nöd, wenn i en uftrag usfüehr.
	Bald het sich de Orion zu ihne gsellt und het mit ihne umeplantscht.
	Mit klirrendem Panzer isch de Snaugenhutt dur de flachi Zuelauf vomne muntere Flüssli plantscht, wo a de Ufer so am Obig voher glageret hend.
	Er git mit dem nöd gern ah.
	De Erzmagier het demit aageh, um am Volk als unsterblich zerschiine.
	De Xavier het gern blöfft und isch devo überzügt gsi, dass dWelt ihm Ergebeheit und Respekt schuldet.
	Wo sie sletschte mol do gsi isch und mit ihrere Ameldig am College ageh het, hani mini Zwiifel gha.
	Aber blöff nöd, Kybernerianer, wills sind nöd Wort, sondern Tate, wome bruched, woruf de Voluptikus zum Autoregizida.
	I blöff nöd mit de Erfolg vomim handle, het de Necron vosicheret.
	Er isch nüme Velo gfahre, will sis füdli weh tue het.
	Chas si, dasi ranzig schmöck?
	Herrje, het de Armi ranzig usem Muul gschmöckt.
	Es het scho de ganz Tag ranzig gschmöckt.
	de Meredith rast us sim Büro zu sim Wage.
	Mit Vollgas simmer devo grast.
	De Charre gseht us, als wär er mit Karacho gegene Muur graast.
	Er het Bier trunke und graucht.
	I han e Zigarrete graucht, woni gwartet ha.
	I ha zwei Zigarette graucht, bevor er sich bewegt het.
	Es het tönt, als ob i di ganz Nacht Zigarre graucht het.
	Hüt rauch i nümme und tue au nüme wette.
	Normalerwiis rauch i nöd im Auto, aber i dem Moment ischs mer völlig egal.
	De Sam het sich dNase gribe.
	dMarian het sich dAuge gribe.
	Ihm ischs vorcho, als ob me Salz ine offeni Wunde wür riibe, obwohl er inzwüsche riicher gsi isch als de Richard und obwohl sich längscht zeigt het, dass de Glaube a sis Talent kei selbstgrechti Torheit gsi isch.
	De Juppes isch en echte Kauz gsi, en Urtyp, wo sich dHänd gribe het, und es het tönt, als ob er Schmirgelpapier anenand wür riibe.
	Nei, gad zwei Platti Reife.
	dReife vo dem Wage sind nöd chugelsicher gsi.
	Si isch zum Heck vom Schiff grennt.
	Vo dem Moment ah bini grennt.
	dStephani und ii sind sofort losgrennt.
	Mini Fründe sind de Berg abegrennt.
	Er het schwer gschnuufed, als ob er berguf grennt wer.
	I bi nur so grennt, um di iizhole.
	Di ganz Ziit rennsch du ume und hilfsch anderne Lüüt.
	De Hund het si gschmöckt.
	Er het dLunte gschmöckt und sich usem Staub gmacht.
	I ha noch ihre griffe und a de Mündig gschmöckt.
	Defür schmöck i noch Schweiss.
	Si chönd ruhig rauche, i schmöck das gern, het de Becker nochdenklich gmeint.
	dNicky het sich uf dSiite grollt.
	dReb het sich i sini Decki grollt und isch ganz ad Wand grückt.
	Du rollsch zwüsched vilne andere Chugle über e glatti grüeni Matte.
	Er trinkt no en Schluck Bier, rülpst und schüttled de Chopf.
	Denn het er mega grülpst und het drüber möse lache.
	Er het grülpst, isch wieder uf dSiite gheit und het sofort wiiter gschnarcht.
	Eis oder zwei mol hani Gärtner gseh, wo im Räge schaffed, wo ihri Mähmaschine gspuckt und grülpts hend.
	Er isch sofort uftgstande, het nöd wie susch amel lang im Bett gfuulenzt und beschlosse, no a dem Tag sschwirige Gspröch mit sinre Mueter hinder sich zbringe.
	Ohni Zwiifel hend si gfuulenzt, sind fett und schlaff worde.
	Mir sind go schwimme, hend i de sunne gfuulenzt, sind wieder go schwimme und hend denn ganz schigg imne reschti oberhalb vo de Bucht gesse.
	Gad noher het er sich gschämt.
	Si het sich für ihri voreilig Bemerkig gschähmt.
	I ha mi gschämt, woni alli Stecker wieder iigsteckt ha.
	Und sie hend sich weg ihrere Dankbarkeit gschämt, will die Katastrophe ihre passiert isch und nöd de anderne.
	Si het sich gschämt, will si sich vomne Fremde het schwängere loh.
	Wohrschinli hend sie sich weg ihrem Fähler gschämt und sind desertiert.
	de Jack het bim rede ihre id Auge gluegt.
	Gnau so hani gluegt, woni de erschti gseh ha.
	dHelen het uf dUhr gluegt.
	Er het nur uf dCouch gluegt.
	Dlüüt hend enand aagluegt.
	Di andere hend sich verlege aagluegt.
	I lueg mer das im Auto ah.
	Worum luegsch nöd eifach is Telefonbuech?
	de Bourne het zum Wage übergschiled.
	Grinsend het er uf di weich Daunedecki gschiled.
	I schiele aagwidered ine und wüsches schroff uf dsiite
	Du schilsch tatsächlich es bizeli.
	Denn het si uf dMarion gschimpft.
	dTheaterbsuecher hend luuthals gschimpft, dass de Huet zgross seg.
	Du bisch e Idiotion, schimpfi mit mir.
	Du schimpfsch immer, dass du bi de öffentliche Plätz jede Morge muesch warte bis eine frei wird.
	Im gliiche Atemzug hesch du wohl au über mi gschfimpt.
	Er het sogar do obe gschlofe.
	Si het i mim Bett gschlofe.
	Si schloft immer no tüüf.
	Si schloft i de Lounge.
	Susch schlof i am Nomi i.
	Alte Fründ, du schlofsch jetzt ii.
	I ha druf gwarted, dass du i mis Zimmer schliichsch.
	Mit hängede Schultere schlich i also wieder in Fotilade.
	Er luured, schliicht sich ane und töted.
	Es schliicht niemert ufem Gang ume und luscht üs zue.
	De schliicht scho sit Wuche do umenand.
	Si schliicht duren Gang zunere wiitere Türe, hinedra lit e dunkli engi Chammere.
	I de Nacht hani mi oft use gschliche.
	de Blair het sich unbemerkt i sin Rugge gschliche.
	Er het gschosse, und i ha dKischte gschleppt.
	Sie müend ihn uf e Liechtig gschleppt ha.
	De schleppt de ganz Tag es Baby dur dGegend.
	Wie vill Gwicht schleppsch du under dinere Robe mit dir umenand?
	I schätz, sie pflüeged und i schlepp mi müehsam vora.
	dFrau im Ruederboot het gschnarcht.
	Tüüf unter sich het er en Maa ghört, wo gschnarcht het.
	Woni hüt früeh am Morge zu dir inegluegt ha, hesch du gschnarcht wienes Schwein.
	I weiss, I schnarch, aber nie so luut, dass i demit Fraue vojag.
	So luut, wie du schnarchsch, blibt mir nüt andres übrig, het si schmunzelnd erwideret.
	Er schafft schnell, drum wird er morn sicher fertig si.
	Schaffsch du überhaupt schnell gnueg für de Job.
	Du hetsch gseh müese wie schnell er schafft.
	En alti Frau het ufgschraue.
	Aber no während i gschraue ha, het sich dChristiane i Luft ufglöst.
	Es tuet weh, und i schrei.
	Si ziilt uf ihn und schreit.
	Und sis Innere schreit noch Bluet.
	Oder schrumpft ihren winzige Schwanz vorem Akt immer zemme?
	Weg dem schrumpft sGrasland vor ihre Auge.
	Zwei Gstalte sind zrugg bliibe und sind schnell zum schwarze Pünkt ufem Iis zemmegschrumpft.
	I schrumpf immer meh, heter gmeint, während er mit sinre neue Büüti um dEgge g'eilt isch.
	Schrumpfsch du zumne chline Chäfer zemme?
	Viermol Mass neh und Reise id Stadt, wo mi öper schubst und sticht.
	Nöd, wenn i Sie voher schubs.
	Du schubsch und schubsch und schubsch, jetzt schupfemer zrugg, meh nöd.
	Sie schubst dMarsha dur dGegend, wo umgheit und de Chopf gege en Glastisch schloht.
	Es isch gsi, als ob me es Denkmol vom Sockel gschubst het.
	Eine vo ihne isch vo sine Kamerade füre gschubst worde.
	Ihre rechti Arm het si anre scharfe Glaskante ufgschürft.
	Di scharfe Kante vo de zerklüftet Felswand hend ihm dHuut ufgschürft
	Er het sini Hand ufgschürft, und im Schii vo de Lampe hani gseh, dass zwei vo sine Chnöchel ufgschürft gsi sind und blüetet hend.
	dChunde schwätzed und dMarie het es scharfs Ghör.
	Sie schwätzed no es paar Minute, denn beendet si sGspröch.
	Zemme hemmer gschwätzt.
	Me hend dBlose gseh.
	Ha si voher no nie gseh.
	Seg mer, wad gsehsch.
	Er het sich nur churz usgrueht.
	Aber sin Chopf isch usgrueht gsi.
	Si isch usgrueht, hungrig und glücklich gsi.
	Me hend üs eifach beeilt.
	dChinder hend sich beeilt, um sim Befehl nochzcho.
	Bring dHex afach um und beeil di demit, het si gseit.
	I beeil mi respektvoll dini Schritt ufem Weg zu dine Ahne biz zbeschlünige
	Wennd di beeilsch, erreichsch no vor Sunneufgang dStross.
	A dem Obig hani mi sinnlos betrunke.
	Si het agfange, ihri obskuri Winterfest zfiire, zu dene ssich ghört het, dass me sich bis zur Bewusstlosigkeit betrunke het.
	Erchläre, wa füres Gfühl sgsi isch, wenn de Samuel sich betrunke het.
	Und döt gangi immer use und betrink mi.
	Aber wenn du di snögscht mol betrinksch und afangsch mit mir umezmule, schlohni vilich am beschte afach sofort zue.
	Du übernimmsch dVerantwortig defür, dass sie sich nöd betrinkt.
	De John het sich wieder erholt.
	I wohn imne chline Hotel und erhol mi.
	Si het sich nie devo erholt.
	Du erholsch di nöd so schnell, wie du erwartisch, will me nöd dMengi Bluet hend, wo du bruchsch.
	Usserdem het er sich umegluegt.
	I han umegluegt, aber dTy isch nieneds gsi.
	de Wilson luegt eich nie würkli ume.
	Vilich lueg i im nögschte Kampf, het dScida gseit.
	Es isch immer e Freud zerlebe, dass du gwünsch.
	De Tom selber isch am Füür ghoggt und het es Häsli broote.
	Do und döt sind Lüüt ghogget, hend mitenand gredt oder hend öpis usere chline wiise Plastikschalle gesse.
	Sie isch ufere Chellertreppe ghogged.
	Do obe het vor de Pause öper gesse.
	Jetzt sitzt i zum letschte Mol.
	Do ine sitzt nomol öpper.
	Er sitzt amne Computer.
	Und doch hoggsch etz do.
	Er het üs sHuus i grobe Züüg skizziert.
	I trink immer no e Tasse Kaffi, während i di erschte Schritt vomne hoffnigslose Plan skizzier.
	Es langed, wenns grob skizziersch.
	I ha di ganz Ziit skizziert, ohnis zmerke.
	sBild, wohni Ihne grad skizziert ha, isch hässlicher als da vo ihne.
	I sortiert afach noch Art vom zeigte Uuswiis.
	I glaub du gohsch besser mol für e halb Stund ufe und sortiersch Ammonite.
	I ha dir dDateie mol sortiert.
	Es sortiert dEilbrief, het si gseit.
	Er het dMitglieder vo sinre Familie i Fein und Weh sortiert.
	Und jo, I spare au dTrinkgelder.
	I spar Ziit, het de Franz ruhig erwideret.
	Uf die Wiis sparsch du jedi Mengi Ziit.
	Si spart für ihri Uusstüür.
	I han e biz Geld gspared.
	Me heted sogar es paar Meile gspared.
	Ihri Antwort het tönt, als ob si wür uuspucke.
	I spuck der is Gsicht.
	Einersiits hebed si der scho en Haftbefehl under dNase, wennd nur uf dStross spucksch.
	Jetzt stottered und spuckt si nur, wenn is starte wet.
	dBriony het ihren Kaffi fasch uf de Bode gspuckt.
	Will i dini Fantasie gspür.
	I spür sini starch Präsenz.
	I mag nöd, dass du da gspürsch.
	Du magsch ihn, und er gspürt da.
	Si gspürt, wa du gspürsch.
	Er hets bis jetzt immer gspürt.
	Sie liebt ihn, das het er gspürt.
	I stehl ihn us der Vorratschammere.
	Du stehlsch devo es paar Kilo, oder aber du stelsch gad sRezept.
	Er stehlt kei chueh, streckt dHand i kei Trueh.
	I has usglehnt, nöd gstohle.
	Er isch es, wo üses Chind gstohle het.
	De Cuntz het gstöhnt.
	I striit eh nöd gern mit Zwerge.
	Du striitisch mit ihre, obwohl si no gar nöd uf de Welt isch.
	Lueg, etz striitemer mitme andere Mönch.
	I ha mi mit mim Vater gstritte.
	I strick ihm en Schal uf Wiehnachte, das er bi sim Huusbsuech mollig warm het.
	So stricksch du dem Baby kei neui Mütze, wie mini alt Mum immer gseit het.
	Do dFrau Waldegg einsam dihai hoggt und für di gfallene Wiiber strümpf strickt.
	Woner Stunde spöter wieder wach wird, dämmerets scho, und dJanine sitzt i ihrem Morgerock am Chuchitisch und strickt.
	Mini Frau het si gstrickt, und i häng a dene Ding
	Erzwing kei Entscheidig, bevord bereit bisch.
	Wenn du dir Illass erzwingsch, isch zwüsched üs alles us.
	Si het es Lächle erzwunge und het müeh gha, ruhig z'atme.
	Er het nöd mit de geniale Raffinesse grechnet, wo in Lynchbany Ghorsamkeit gegenüber em Gsetz erzwunge het.
	Wenns aber stürmt und schneit, isch de Früehlig nüme wiit.
	Zwei Täg lang hets ohni Unterbrechig gstürmt.
	Stell dir vor i stürz.
	Drum stürz i au hin und wieder ab.
	Denn stürzisch du di vomne Kliff.
	Susch stürzed ihr eu no id Tüüfi.
	dMuetter isch uf de Bode gheit.
	Wa suechsch du denn do?
	Aber noch wa het si gsuecht?
	Aber i tanz nöd noch dinre Pfiife.
	I bi froh, dass i nüme tanz.
	Du tanzisch so liecht wiene Federe.
	Si tanzt mit jedem, wo defür zahlt.
	I de Strosse isch tanzt worde.
	I fürcht, dass er eu tüüscht.
	I weiss würkli nöd, wieso i dini ständige Beledigunge tolerier.
	En bewusste Rechtsbruch vo dere Art tolerier i nöd.
	Si toleriert mi, het sie ihn vobesseret.
	Er hets toleriert, dass sie üs usbildet het, er het üsi Kunscht höch gschätzt.
	Er het eine am Arm troffe.
	I ha min Gegner am Chüni troffe.
	Du hesch ihn nöd troffe.
	Si hets guet troffe.
	I treff di am Arm, wennd etz nöd still bisch.
	Mir treffed enand gegesiitig is Gsicht.
	I trink en Schluck Bier.
	Du trinksch um zvogesse.
	Er isch lischtig und guet, er trinkt gwüssermasse Millione.
	Denn het si iren Saft uustrunke.
	I ha no es Glas trunke.
	Aber i ha scho damals zvill trunke.
	Aber vilich isch es tatsächlich übertribe.
	Wa mit ziemlicher Sicherheit masslos übertribe gsi isch.
	Aber da isch denn scho wohl biz übertribe.
	Umarm mi lieber, het de Alexander lachend gseit.
	I umarm di fescht.
	Du umarmsch mi fescht.
	Er umarmt si fescht.
	Me umarmed üs fescht.
	Si hend sich umarmt.
	Er het mi um de Gfalle bbette.
	Si het mi erscht gad bbette ihre de Tee zbringe.
	Du hesch si bbette das zmache?
	I umwerb di, het er lächelnd gseit.
	Er het inzwüsche gwüsst, dass sterblichi Fraue umworbe werde wend.
	I zügle gad is alte huus.
	I ha ghört, das du do ane züglisch.
	Si isch scho vor lange Ziit zügled.
	Si het sehr unbeholfe usgseh.
	I bi gad würkli unbeholfe.
	Mir werded wohrschinli alli unbeholfe sii.
	Da isch still blibe, isch aber biz unebe gsi.
	De Asphalt isch hart und unebe gsi.
	Sini Oberflächi isch unebe gsi.
	De unteri Saum isch unebe gsi.
	Wer sin Fuess unbbette uf üseri Insle setzt, isch tot.
	So ischs eim gange, wenn me unbbetteni Hilf abotte het.
	dMuse sind Geischter und mängisch erschiineds unbbette.
	Du belaschtisch mi wieder mol unnötig mit dine Froge.
	Unterdesse het er sich im Applaus gsonnt.
	Ihm isch unterdesse en Idee cho.
	Für de Fall, dass i volür.
	Fasch hanis Gliichgwicht volore.
	I ha mi voschauklet, pprellt, in übelschte wiis tüüscht gfühlt.
	Mittlerwiile isch er zur Überzügig cho, dass öper ihn mit dere Geischterfahrer Gschicht übel verarscht het.
	I voschüüch si mitere Handbewegig.
	Du voschüüchsch dAbdrück, wennd so haschtig zWerch gosch.
	Au de Kater isch vo sim Lieblingsplatz voschücht worde.
	Vilich hend ihn üseri erhobene Stimme voschücht.
	dMüedigkeit hett er voschücht, sChopfweh isch blibe.
	sMuul und dAuge sind mit Erde voschmiert gsi.
	I voschmier bim esse immer.
	Er het nie sin Trachteaazug voschmutzt.
	dObjekt sind voschmutzt gsi, aber i meh oder weniger ordentlichem Zuestand.
	Er het dNaastüechli voschmutzt.
	I hoff, dass i nöd mini Ziit mit dir voschwend.
	Hör uf demit, het dNova gseit, du voschwendisch dini Energie.
	Er selber het ken Gedanke dra voschwendet.
	I fürcht, dass i eui wertvolli Ziit voschwend.
	I voschtoh gar nöd, wieso ihr eu so viel Sorge mached, het sich de Pog vomne Dachsparre gmeldet.
	Du voschtohsch scho wieder nüt, wänn wötsch du endli aafange zlerne?
	Natürli voschtoht ers nöd.
	Ire Ma do het sis Handwerch voschtande.
	de Chig Ping het jedes Wort voschtande.
	Nur het si nöd voschtande, worum.
	Jo, si het alli voschtande.
	I leg mi ane, lueg fernseh und stopf mi voll.
	Du hesch en Maa ineloh, wo dEmma aaglotzt, als wär si es Sahnetörtli i de Uuslag, und du sitzisch afach do und stopfsch dir de Buuch voll.
